Annual CO2 emissions (per capita),Coal per capita (kWh),Deaths - Cause: All causes - Risk: Air pollution - Sex: Both - Age: All Ages (Number),Entity,Exports of goods and services (constant 2015 US$),GDP per capita growth (annual %),Gas per capita (kWh),Imports of goods and services (constant 2015 US$),Oil per capita (kWh),Population (historical estimates),Renewables(TWh_growth_equivalent),Year
15.1173,22261.7890625,,Australia,46424809472,1.7870804071426392,7585.8818359375,31125749760,25209.591796875,14588400,-2.4101943969726562,1980
15.574,22544.05078125,,Australia,44170866688,1.711915135383606,8116.83251953125,34068987904,24525.4375,14777241,1.2426986694335938,1981
15.6148,22476.533203125,,Australia,45214396416,1.6142079830169678,7809.5498046875,38009532416,23822.97265625,14979203,-2.88336181640625,1982
14.7942,22149.6171875,,Australia,45449392128,-3.437117099761963,8363.1318359375,34801565696,21065.544921875,15194644,-2.183582305908203,1983
15.3257,23075.87109375,,Australia,48917835776,3.4183454513549805,8125.26708984375,36885946368,21459.869140625,15423156,2.995716094970703,1984
15.3858,23502.71875,,Australia,56469803008,3.822749137878418,8551.8017578125,43024220160,21246.666015625,15663672,2.456531524658203,1985
15.0609,23715.044921875,,Australia,58606583808,2.339808940887451,9192.935546875,42922283008,20615.384765625,15917580,0.2649688720703125,1986
15.8104,24306.818359375,,Australia,64481550336,0.9999935030937195,9231.4853515625,40893435904,20803.720703125,16183159,-1.1863670349121094,1987
15.8575,25149.3671875,,Australia,69930786816,4.027570724487305,9299.2333984375,45482876928,21393.60546875,16452258,2.964111328125,1988
16.6029,25963.78125,,Australia,70656221184,2.1212592124938965,9984.189453125,56800157696,21928.708984375,16713989,0.013336181640625,1989
16.4714,26198.791015625,2555,Australia,73955737600,2.051928997039795,9891.12890625,59990630400,22103.26171875,16960600,1.33453369140625,1990
16.3981,26369.056640625,2480,Australia,82280808448,-1.656572699546814,9355.9150390625,56562049024,21095.810546875,17189235,2.5319671630859375,1991
16.4538,26201.220703125,2461,Australia,90060283904,-0.7972689270973206,9560.271484375,58540691456,21293.1328125,17402179,0.7132644653320312,1992
16.5495,26068.4765625,2411,Australia,96734240768,3.020731210708618,9798.9765625,62401359872,21703.537109375,17603211,1.3306503295898438,1993
16.8601,26309.138671875,2413,Australia,105912811520,2.8856358528137207,10763.0576171875,67082092544,22225.951171875,17798526,-0.5975990295410156,1994
17.1189,26908.490234375,2370,Australia,110586896384,2.587043285369873,10749.4482421875,78045634560,23774.5546875,17993083,-1.1073532104492188,1995
17.3911,27706.345703125,2361,Australia,121601851392,2.498884677886963,10711.072265625,81703190528,24135.94921875,18189274,1.3974037170410156,1996
17.7901,28794.9296875,2318,Australia,134836019200,2.7523202896118164,10404.2470703125,89787392000,24259.140625,18387205,0.13029861450195312,1997
18.2222,29756.4140625,2261,Australia,141010681856,3.5293490886688232,10596.271484375,98986819584,23993.626953125,18587027,-0.14301300048828125,1998
18.4477,31266.615234375,2202,Australia,143711469568,3.7445907592773438,10737.625,104047910912,24278.763671875,18788187,1.6860008239746094,1999
18.5252,31154.146484375,2149,Australia,157927178240,2.6808650493621826,10823.341796875,116583112704,24009.85546875,18991434,0.055416107177734375,2000
18.7789,30513.21875,2105,Australia,171575476224,0.6716929078102112,11549.72265625,115447349248,23813.130859375,19194676,-1.1497650146484375,2001
18.922,30867.521484375,2049,Australia,170733568000,2.7526795864105225,11759.38671875,117004550144,23811.45703125,19401366,1.8346023559570312,2002
19.0191,31390.9609375,1955,Australia,171593875456,1.845765471458435,11717.3349609375,132446470144,23453.736328125,19624163,1.8881568908691406,2003
19.4554,32290.357421875,1840,Australia,173874380800,3.00431489944458,11797.791015625,150324985856,23707.44140625,19879654,2.05303955078125,2004
19.2086,31628.76171875,1768,Australia,179889651712,1.807784080505371,11526.591796875,169114845184,23723.3125,20178543,4.144966125488281,2005
19.3554,31934.583984375,1738,Australia,185265340416,1.222561001777649,12638.9365234375,183424057344,24049.234375,20526300,1.4304466247558594,2006
19.2159,31066.740234375,1738,Australia,192965787648,3.122288703918457,13874.2314453125,202433757184,24204.53515625,20916339,-2.3705596923828125,2007
19.2034,31749.583984375,1727,Australia,200722104320,1.5219695568084717,13376.4140625,231758118912,24034.73046875,21332293,-3.5075416564941406,2008
18.4508,30107.384765625,1682,Australia,205575340032,-0.21120114624500275,13395.537109375,223155093504,23177.978515625,21750852,2.78961181640625,2009
18.2595,27416.060546875,1662,Australia,215249108992,0.5953537225723267,14311.3837890625,238652555264,23440.0390625,22154687,5.895107269287109,2010
17.9849,26269.505859375,1674,Australia,217073909760,1.0557478666305542,14550.4169921875,263541899264,24272.794921875,22538002,23.58692169189453,2011
17.5806,24208.412109375,1674,Australia,227070541824,2.118896961212158,14390.98828125,293325733888,24511.88671875,22903951,-1.2831039428710938,2012
16.907,22629.279296875,1686,Australia,239129034752,0.849416971206665,14910.36328125,295372062720,24856.556640625,23254912,13.925323486328125,2013
16.9201,22117.263671875,1725,Australia,253656711168,1.0444896221160889,15773.9716796875,286770593792,24386.244140625,23596426,-7.83837890625,2014
16.8507,22580.642578125,1761,Australia,271042510848,0.7122564911842346,16210.5078125,291125723136,23841.1640625,23932499,7.148658752441406,2015
17.1434,22258.94140625,1725,Australia,288399720448,1.1493474245071411,15608.681640625,290177843200,23563.857421875,24262710,14.841789245605469,2016
16.8704,21213.50390625,1697,Australia,304253599744,0.587161123752594,15096.5849609375,305405263872,24388.40625,24584619,-7.434242248535156,2017
16.7081,20438.5546875,1812,Australia,316772548608,1.3028407096862793,14767.408203125,326651478016,24504.27734375,24898153,26.543548583984375,2018
16.447,19298.802734375,1907,Australia,329342582784,0.5711029767990112,17427.26953125,327311032320,23972.92578125,25203200,14.535385131835938,2019
15.3684,18373.634765625,,Australia,323608608768,-1.2785263061523438,16900.3203125,302217068544,20477.2421875,25499881,22.8466796875,2020
,17564.923828125,,Australia,,,15281.1328125,,20798.220703125,25788217,33.55369567871094,2021
0.0954,18.135845184326172,,Bangladesh,1498680064,-1.8525797128677368,154.3345184326172,5804206592,242.22906494140625,79639498,-0.011828064918518066,1980
0.0964,18.15854263305664,,Bangladesh,1022594304,4.4431562423706055,166.49468994140625,2756330752,243.28660583496094,81767516,0.12419354915618896,1981
0.1019,21.43008041381836,,Bangladesh,977030080,-0.4997241497039795,210.58497619628906,3015549184,233.77601623535156,83932132,-0.30161309242248535,1982
0.0951,11.817461013793945,,Bangladesh,1067267904,1.2155290842056274,228.30990600585938,2890481664,203.70310974121094,86142490,0.41102170944213867,1983
0.1027,4.607591152191162,,Bangladesh,1057186048,2.10780930519104,256.746826171875,2703518208,199.98582458496094,88416529,0.694892406463623,1984
0.1123,6.2761454582214355,,Bangladesh,1140690816,0.6690330505371094,284.0379943847656,2899305472,217.4730682373047,90764180,-0.46720433235168457,1985
0.1224,9.231855392456055,,Bangladesh,1127580800,1.46427583694458,311.9530029296875,2778736128,228.30813598632812,93187593,-0.8545697927474976,1986
0.1233,14.156530380249023,,Bangladesh,1149009152,1.0785324573516846,357.0138244628906,2937173760,218.9320831298828,95671159,0.19811809062957764,1987
0.1373,14.208338737487793,,Bangladesh,1271719040,-0.20728956162929535,409.4364929199219,3157247744,213.71873474121094,98186350,0.46720433235168457,1988
0.1329,14.43154525756836,,Bangladesh,1384917120,0.274084210395813,422.05133056640625,3632322816,227.8349609375,100695496,0.7244622707366943,1989
0.1365,31.719751358032227,189795,Bangladesh,1631244416,3.086982011795044,443.3570556640625,3970590464,215.44442749023438,103171957,-0.10645151138305664,1990
0.1396,9.908267974853516,179652,Bangladesh,1580813696,1.1066471338272095,446.0973205566406,3374309376,195.2938690185547,105599125,-0.13602137565612793,1991
0.1424,9.09732437133789,176502,Bangladesh,1926151808,3.11421537399292,475.7214050292969,3077684992,213.03456115722656,107983708,-0.12419366836547852,1992
0.1456,3.3185629844665527,172532,Bangladesh,2241904128,2.4655823707580566,521.0892333984375,4229321216,233.52076721191406,110350641,-0.5559139251708984,1993
0.1556,3.042078733444214,168986,Bangladesh,2324369664,1.6904165744781494,540.9523315429688,3970863872,238.22406005859375,112737684,0.7067205905914307,1994
0.1827,32.402549743652344,168346,Bangladesh,3038511616,2.9012441635131836,585.4248657226562,5892618752,302.6266174316406,115169933,-1.4045701026916504,1995
0.1827,17.391433715820312,164776,Bangladesh,3283883520,2.3196351528167725,615.0846557617188,6724041728,302.647705078125,117649927,1.0852150917053223,1996
0.1925,31.250347137451172,161147,Bangladesh,3754062592,2.3066768646240234,591.980712890625,6928534016,340.1859130859375,120160571,-0.05913972854614258,1997
0.1891,8.812736511230469,158852,Bangladesh,4214594048,3.0146830081939697,626.5299072265625,7238306816,367.25396728515625,122682818,0.4317207336425781,1998
0.2003,4.271683216094971,157848,Bangladesh,4309451264,2.5742082595825195,669.4129028320312,7405191680,320.9837951660156,125189655,-0.09462404251098633,1999
0.2078,30.052474975585938,159196,Bangladesh,4929932800,3.2574965953826904,709.5676879882812,8163033600,309.3246765136719,127657862,-0.24838709831237793,2000
0.2386,31.27820587158203,158355,Bangladesh,5664685056,3.1138060092926025,779.7147216796875,9211871232,362.5736389160156,130088709,0.7024385929107666,2001
0.2414,32.07426071166992,160499,Bangladesh,5655389184,1.9603948593139648,805.5021362304688,8765332480,357.5263977050781,132478076,-0.7307248115539551,2002
0.2482,30.143766403198242,162577,Bangladesh,5559452160,2.941850185394287,851.568603515625,9514729472,364.239501953125,134791598,-0.011694669723510742,2003
0.2624,29.703248977661133,163094,Bangladesh,10319082496,3.553358554840088,900.8361206054688,17578414080,338.2044982910156,136986429,-0.010974645614624023,2004
0.271,60.042179107666016,165735,Bangladesh,14756419584,4.965840816497803,953.9547119140625,24269246464,335.33056640625,139035505,-0.00941014289855957,2005
0.2958,90.0068588256836,168250,Bangladesh,18515810304,5.244541168212891,1019.2485961914062,28683931648,334.3923645019531,140921154,-0.0032944679260253906,2006
0.2989,72.55972290039062,168350,Bangladesh,20918347776,5.753407001495361,1075.0267333984375,33269356544,312.34649658203125,142660381,-0.0032644271850585938,2007
0.3139,75.50762939453125,165928,Bangladesh,22399494144,4.80617618560791,1134.8543701171875,32636827648,313.7306213378906,144304164,0.5725464820861816,2008
0.3368,93.30030822753906,165123,Bangladesh,22405879808,3.8785006999969482,1284.684814453125,31788382208,290.0913391113281,145924795,-1.4683046340942383,2009
0.3659,58.7886848449707,166128,Bangladesh,22616838144,4.390963077545166,1304.670166015625,32006596608,319.5714111328125,147575433,0.9148082733154297,2010
0.3789,86.52288055419922,158413,Bangladesh,29252421632,5.253547191619873,1311.8333740234375,41337466880,408.26104736328125,149273134,0.42338085174560547,2011
0.4019,70.57423400878906,152624,Bangladesh,32918409216,5.299260139465332,1412.9449462890625,45685575680,430.7019958496094,151005733,-0.18381571769714355,2012
0.4044,96.58246612548828,153263,Bangladesh,33725532160,4.795196056365967,1437.0635986328125,46242095104,416.8160095214844,152761413,-0.03841996192932129,2013
0.427,57.29707336425781,157813,Bangladesh,34805137408,4.8557562828063965,1489.9468994140625,46782349312,462.6806640625,154517385,-0.34822988510131836,2014
0.469,168.64666748046875,158098,Bangladesh,33820153856,5.366866111755371,1654.5933837890625,48280649728,484.2402648925781,156256287,0.9553635120391846,2015
0.4841,122.58004760742188,160162,Bangladesh,34563096576,5.946678161621094,1674.3526611328125,44856643584,524.1911010742188,157977151,0.004666328430175781,2016
0.5069,136.05918884277344,167502,Bangladesh,33753417728,6.136478424072266,1665.3162841796875,46146490368,582.7672119140625,159685421,0.45691657066345215,2017
0.5118,147.5200653076172,170422,Bangladesh,36483510272,6.7332987785339355,1699.6876220703125,58611793920,655.3212280273438,161376713,-0.39682698249816895,2018
0.5778,236.40487670898438,173515,Bangladesh,40474021888,7.045288562774658,1897.277099609375,57427255296,623.3878784179688,163046173,0.015587568283081055,2019
0.5637,264.3718566894531,,Bangladesh,33091928064,2.4763598442077637,1816.46875,51432411136,566.0731201171875,164689383,-0.16782808303833008,2020
,229.4381561279297,,Bangladesh,,,1871.8560791015625,,642.8917846679688,166303494,0.09877276420593262,2021
1.4944,3538.703125,,China,,6.490112781524658,143.80967712402344,,972.4461059570312,1000089228,28.579986572265625,1980
1.4561,3471.5166015625,,China,,3.7749037742614746,126.62657928466797,,908.7875366210938,1014022211,21.562393188476562,1981
1.5629,3623.562744140625,,China,,7.423410415649414,116.96926879882812,,886.9631958007812,1027948989,26.319183349609375,1982
1.6253,3826.635009765625,,China,,9.181137084960938,118.0513916015625,,892.2402954101562,1042431401,35.493011474609375,1983
1.7434,4099.77392578125,,China,,13.690019607543945,118.3907470703125,,911.8463134765625,1058171973,1.1761322021484375,1984
1.8577,4403.41357421875,,China,,11.896561622619629,121.1587905883789,,939.5781860351562,1075589363,16.4788818359375,1985
1.9216,4521.7900390625,,China,,7.341433525085449,126.64896392822266,,981.1932983398438,1095014106,6.39031982421875,1986
2.0229,4813.4248046875,,China,,9.881163597106934,125.43067932128906,,1023.4193725585938,1116095475,16.19140625,1987
2.1322,5072.60302734375,,China,,9.446171760559082,126.32386016845703,,1080.541259765625,1137724234,27.037933349609375,1988
2.1269,5220.23876953125,,China,,2.620859146118164,130.93869018554688,,1111.6834716796875,1158357393,27.325439453125,1989
2.1114,5212.50927734375,1895767,China,,2.4065585136413574,131.00987243652344,,1083.00634765625,1176883681,24.842437744140625,1990
2.1847,5393.11083984375,1896715,China,,7.782092094421387,130.8733673095703,,1156.1295166015625,1192897277,-6.055755615234375,1991
2.263,5578.3818359375,1898568,China,,12.833209991455078,131.8808135986328,,1239.66015625,1206711243,18.23681640625,1992
2.3971,5883.0458984375,1893795,China,,12.58199691772461,138.6334228515625,,1365.0745849609375,1218817059,62.82342529296875,1993
2.5203,6212.63671875,1874478,China,,11.766388893127441,143.87672424316406,,1374.48046875,1230020026,47.68377685546875,1994
2.706,6234.76708984375,1854833,China,,9.754955291748047,144.08294677734375,,1471.1907958984375,1240920539,77.30316162109375,1995
2.7989,6467.845703125,1844862,China,,8.776430130004883,149.69393920898438,,1616.3072509765625,1251636178,-13.9832763671875,1996
2.7814,6285.21142578125,1823150,China,,8.124497413635254,156.8826141357422,,1760.3426513671875,1261996017,27.79449462890625,1997
2.6419,6188.54248046875,1805101,China,,6.816064357757568,160.5081024169922,,1798.4454345703125,1271982349,8.30718994140625,1998
2.6144,6319.88916015625,1819463,China,,6.733485698699951,169.042724609375,,1901.8465576171875,1281514833,-6.3446044921875,1999
2.6649,6362.71435546875,1849455,China,,7.63859748840332,191.3582000732422,,2035.4842529296875,1290550767,76.79150390625,2000
2.7056,6647.33740234375,1857894,China,,7.551654815673828,212.80223083496094,,2065.42041015625,1299129747,157.8133544921875,2001
2.9622,7241.70361328125,1875572,China,,8.404879570007324,224.98582458496094,,2214.856689453125,1307352256,27.5745849609375,2002
3.4555,8578.29296875,1893069,China,,9.354776382446289,259.8238830566406,,2459.327392578125,1315303522,-14.3516845703125,2003
3.9482,9942.8857421875,1923489,China,,9.46155834197998,302.20263671875,,2855.276123046875,1323084639,198.11614990234375,2004
4.4159,11576.029296875,1906271,China,,10.741374969482422,352.9902648925781,,2884.39697265625,1330776380,131.26416015625,2005
4.8481,12640.669921875,1843038,China,,12.093304634094238,431.7347717285156,,3075.86865234375,1338408644,117.68408203125,2006
5.1847,13687.9619140625,1813410,China,,13.635820388793945,528.0699462890625,,3204.7451171875,1345993891,146.818603515625,2007
5.5386,13827.083984375,1825242,China,,9.090280532836914,605.3098754882812,,3256.642333984375,1353569480,458.781982421875,2008
5.7939,14403.0712890625,1843023,China,,8.855947494506836,662.8419799804688,,3364.97314453125,1361169410,-7.6204833984375,2009
6.295,14858.9677734375,1870627,China,,10.102832794189453,795.3916015625,,3809.50439453125,1368810604,329.151611328125,2010
6.9223,16084.765625,1874037,China,,8.953816413879395,981.93310546875,,3916.267822265625,1376497633,6.968994140625,2011
7.0623,16195.9150390625,1854111,China,,7.134523868560791,1089.993408203125,,4084.867431640625,1384206408,560.366943359375,2012
7.1506,16450.666015625,1845363,China,,7.050734043121338,1234.863037109375,,4244.2275390625,1391883335,252.469482421875,2013
7.1353,16371.5068359375,1844224,China,,6.750760078430176,1345.9759521484375,,4389.2236328125,1399453966,519.7685546875,2014
7.0003,15976.998046875,1848574,China,2362092814336,6.420736312866211,1383.8704833984375,2003257131008,4698.37255859375,1406847868,253.815673828125,2015
6.8742,15751.8173828125,1856583,China,,6.238215446472168,1481.14404296875,,4825.55859375,1414049353,330.7275390625,2016
6.9812,15747.7421875,1840441,China,,6.301863193511963,1697.7374267578125,,5054.9345703125,1421021794,368.09326171875,2017
7.2077,15770.544921875,1828243,China,,6.251700401306152,1988.7679443359375,,5277.67578125,1427647789,435.9326171875,2018
7.3163,15828.0791015625,1848274,China,,5.574532985687256,2150.790283203125,,5520.4814453125,1433783692,462.5673828125,2019
7.4117,15897.9208984375,,China,,2.116522789001465,2338.718017578125,,5547.36376953125,1439323774,435.3291015625,2020
,16573.73828125,,China,,,2622.14501953125,,5885.25732421875,1444216102,706.28955078125,2021
0.4178,943.6473999023438,,India,16578188288,4.2989821434021,16.21143913269043,17388570624,539.1152954101562,698952837,3.7636260986328125,1980
0.4407,1037.4027099609375,,India,16442755072,3.5712757110595703,27.65193748474121,19132542976,567.044677734375,715384997,10.76812744140625,1981
0.4448,1002.2732543945312,,India,17432692736,1.093955397605896,35.41814422607422,19793412096,577.2105102539062,732239498,-27.273162841796875,1982
0.4704,1039.522216796875,,India,17273198592,4.8280348777771,41.175018310546875,24144832512,592.9220581054688,749428958,-5.371002197265625,1983
0.4719,1067.1298828125,,India,18533769216,1.4643679857254028,46.08640670776367,20684863488,622.1260375976562,766833411,16.674911499023438,1984
0.5074,1093.11669921875,,India,17363378176,2.902381658554077,55.1128044128418,23554041856,659.9467163085938,784360012,-5.527801513671875,1985
0.5321,1148.7138671875,,India,18306623488,2.4751663208007812,75.31434631347656,27578005504,678.6487426757812,801975250,2.234649658203125,1986
0.556,1234.17333984375,,India,20636559360,1.7194868326187134,84.8829116821289,27117944832,685.3470458984375,819682095,-10.663589477539062,1987
0.5877,1296.2359619140625,,India,22178742272,7.299419403076172,97.3228759765625,29611296768,736.1475830078125,837468938,16.714126586914062,1988
0.6327,1379.508056640625,,India,24835563520,3.7343764305114746,113.29436492919922,30228506624,780.7149658203125,855334675,25.887939453125,1989
0.6625,1461.190185546875,1332685,India,27593408512,3.36507248878479,132.7496795654297,31245944832,794.7736206054688,873277799,9.1612548828125,1990
0.6911,1523.525634765625,1340608,India,30259562496,-0.9835736751556396,144.8579559326172,31250694144,792.2385864257812,891273202,22.669708251953125,1991
0.7215,1581.7061767578125,1343393,India,31740235776,3.390418291091919,158.7438507080078,37853364224,818.4107055664062,909307018,-11.403121948242188,1992
0.731,1606.2314453125,1336597,India,36113911808,2.7067272663116455,158.15206909179688,45146673152,810.9118041992188,927403866,2.4284820556640625,1993
0.7582,1625.7235107421875,1330688,India,40824492032,4.606289386749268,167.6912841796875,55350538240,854.764404296875,945601828,28.725845336914062,1994
0.7906,1692.6810302734375,1322703,India,53641777152,5.529881477355957,187.54441833496094,70918365184,935.0872192382812,963922586,-11.197906494140625,1995
0.8407,1708.613525390625,1342791,India,57015701504,5.530416488647461,200.85931396484375,69187969024,990.2236938476562,982365248,-18.536544799804688,1996
0.8589,1753.7841796875,1402370,India,55688273920,2.123014450073242,214.3334503173828,78321254400,1038.9207763671875,1000900028,4.454833984375,1997
0.8609,1778.997802734375,1412747,India,63420211200,4.248843669891357,230.92941284179688,94647779328,1092.2269287109375,1019483586,40.94929504394531,1998
0.9169,1730.8028564453125,1385403,India,74835517440,6.898116111755371,232.38938903808594,101266030592,1177.755859375,1038058154,-1.748809814453125,1999
0.9265,1808.8306884765625,1387431,India,88420786176,2.0210886001586914,240.0461883544922,105913851904,1212.6319580078125,1056575548,-15.145904541015625,2000
0.9233,1792.514404296875,1404542,India,92231303168,3.027376651763916,236.53717041015625,109032218624,1195.369384765625,1075000094,-13.38958740234375,2001
0.9357,1840.99365234375,1410495,India,111678275584,2.064876079559326,242.87933349609375,122112622592,1199.6832275390625,1093317187,-2.7729339599609375,2002
0.9533,1896.48193359375,1391459,India,122379534336,6.093705177307129,255.7472686767578,139066638336,1202.0863037109375,1111523146,3.61346435546875,2003
0.9963,1986.085205078125,1341668,India,155637907456,6.193652629852295,271.4987487792969,169932800000,1251.937255859375,1129623466,99.17469787597656,2004
1.0334,2140.19873046875,1373204,India,196236165120,6.231949806213379,299.1054382324219,224769507328,1253.16455078125,1147609924,-6.97906494140625,2005
1.0809,2187.81201171875,1420870,India,236256182272,6.403284072875977,307.8302307128906,273105403904,1303.499267578125,1165486291,56.3436279296875,2006
1.1479,2358.2236328125,1458927,India,250116243456,6.0481743812561035,328.00836181640625,300283723776,1371.6087646484375,1183209471,39.720245361328125,2007
1.2183,2515.8974609375,1493106,India,287078776832,1.5875983238220215,333.044677734375,367693299712,1419.806640625,1200669762,-9.182220458984375,2008
1.3244,2697.6416015625,1461801,India,273200726016,6.351088047027588,403.2768859863281,360612200448,1472.807861328125,1217726217,-15.64544677734375,2009
1.3594,2732.793212890625,1459403,India,326415122432,7.0423479080200195,477.7001037597656,417631797248,1484.72607421875,1234281163,24.136871337890625,2010
1.4238,2834.099365234375,1497826,India,376986566656,3.89396595954895,482.1759033203125,502877683712,1535.8193359375,1250287939,86.13204956054688,2011
1.5513,3075.8408203125,1541016,India,402642337792,4.16567325592041,440.03759765625,533159968768,1608.8238525390625,1265780243,-24.747314453125,2012
1.5903,3225.321044921875,1584768,India,434017828864,5.135074615478516,382.71148681640625,489729818624,1601.4949951171875,1280842119,60.5057373046875,2013
1.6871,3507.201171875,1591958,India,441732857856,6.186679363250732,374.3558044433594,493996474368,1626.89990234375,1295600768,38.1905517578125,2014
1.7315,3509.70263671875,1607975,India,416787824640,6.796759128570557,364.895263671875,465097490432,1738.6943359375,1310152392,4.0999755859375,2015
1.7986,3539.486083984375,1600197,India,437561622528,7.08222770690918,383.4678649902344,485477548032,1885.9920654296875,1324517250,10.5350341796875,2016
1.8181,3618.5009765625,1604105,India,457535029248,5.665781021118164,400.39434814453125,570047660032,1921.2161865234375,1338676779,66.1353759765625,2017
1.922,3815.088134765625,1644708,India,514025324544,5.433077335357666,428.7628479003906,619111514112,1987.2520751953125,1352642283,79.1416015625,2018
1.9218,3779.107666015625,1667331,India,497033183232,2.992664337158203,433.6143798828125,614286491648,2031.30517578125,1366417756,106.68853759765625,2019
1.7694,3502.61474609375,,India,473778094080,-8.164894104003906,438.1866455078125,530705940480,1826.8819580078125,1380004385,30.609375,2020
,4004.67578125,,India,,,446.15643310546875,,1875.118408203125,1393409033,46.24908447265625,2021
0.6434,19.95546531677246,,Indonesia,32058705920,7.318041801452637,483.9305114746094,25256552448,1543.3497314453125,147447834,-0.3920433521270752,1980
0.6645,20.803874969482422,,Indonesia,31292340224,5.43138313293457,472.0672912597656,32090976256,1653.14501953125,150938222,-0.013068199157714844,1981
0.6835,19.199092864990234,,Indonesia,26930954240,-0.09015986323356628,438.2810363769531,34724605952,1678.8822021484375,154468235,0.339771032333374,1982
0.6657,18.76883888244629,,Indonesia,28622180352,1.8579859733581543,574.9188842773438,39006412800,1606.5677490234375,158009248,2.051694393157959,1983
0.6962,19.224525451660156,,Indonesia,30493935616,4.648166179656982,656.669677734375,36075450368,1693.701904296875,161523353,0.5619292259216309,1984
0.737,63.443111419677734,,Indonesia,28114114560,0.3138744831085205,760.408203125,37979275264,1629.767333984375,164982452,1.48976469039917,1985
0.7256,99.8785400390625,,Indonesia,32390928384,3.7422332763671875,803.5639038085938,39562317824,1637.639404296875,168374287,4.992022514343262,1986
0.7215,153.5514678955078,,Indonesia,37127643136,2.8919315338134766,815.1790771484375,40344199168,1663.39697265625,171702756,0.37897491455078125,1987
0.7585,157.3921356201172,,Indonesia,37518028800,3.8017098903656006,849.2366333007812,32802043904,1716.7083740234375,174975953,1.3329477310180664,1988
0.7389,231.9354705810547,,Indonesia,41437335552,5.507034778594971,933.50146484375,37211705344,1787.8316650390625,178209147,3.685209274291992,1989
0.8284,219.32188415527344,169174,Indonesia,41624240128,5.347945690155029,946.6240844726562,45812396032,2018.9405517578125,181413398,3.8280582427978516,1990
0.9785,218.1367645263672,167220,Indonesia,49899245568,5.071058750152588,1070.9398193359375,53521498112,2113.2685546875,184591897,2.4952239990234375,1991
1.0844,261.8033447265625,165784,Indonesia,57216671744,4.711831092834473,1148.376220703125,57035194368,2239.85791015625,187739786,6.710014343261719,1992
1.1515,300.216796875,165002,Indonesia,60997963776,4.760224342346191,1198.269287109375,59566272512,2349.814208984375,190851184,-2.21307373046875,1993
1.1492,295.57330322265625,163919,Indonesia,67061886976,5.8395209312438965,1396.6324462890625,71655374848,2286.236328125,193917458,-1.2326717376708984,1994
1.1503,320.29705810546875,163065,Indonesia,72239849472,6.5622053146362305,1450.1510009765625,86659301376,2492.305908203125,196934257,2.644350051879883,1995
1.276,376.1302795410156,162475,Indonesia,77701201920,6.217927932739258,1487.260498046875,92608258048,2640.85400390625,199901231,1.9406852722167969,1996
1.3841,457.1833801269531,162527,Indonesia,83761872896,3.189871311187744,1528.9630126953125,106236461056,2883.08056640625,202826444,-7.655101776123047,1997
1.0498,483.7142028808594,163155,Indonesia,93129113600,-14.350556373596191,1453.348388671875,100616413184,2707.97119140625,205724597,14.883853912353516,1998
1.1694,656.5390014648438,163509,Indonesia,63509413888,-0.6054368019104004,1557.495849609375,59690446848,2795.715576171875,208615171,1.9045295715332031,1999
1.2989,723.6851196289062,164777,Indonesia,80329834496,3.482210636138916,1560.42529296875,75170545664,3011.6806640625,211513822,1.5681114196777344,2000
1.4147,906.2822875976562,166645,Indonesia,80847945728,2.2351796627044678,1591.89453125,78312570880,3075.11328125,214427419,7.809711456298828,2001
1.43,922.2388305664062,168688,Indonesia,79864078336,3.0906360149383545,1707.0216064453125,74984718336,3042.95068359375,217357790,-4.098674774169922,2002
1.5453,1221.4033203125,170997,Indonesia,84565180416,3.376532793045044,1795.5731201171875,76157280256,3083.21875,220309473,-2.4247360229492188,2003
1.5424,1107.1727294921875,173436,Indonesia,96005439488,3.630908727645874,1621.3394775390625,96455704576,3219.743408203125,223285666,2.386402130126953,2004
1.5422,1252.009765625,176888,Indonesia,111943606272,4.289591312408447,1608.2745361328125,113594867712,3172.43408203125,226289468,2.7985687255859375,2005
1.5119,1463.8701171875,180119,Indonesia,122472488960,4.107514381408691,1618.334228515625,123344338944,3014.745849609375,229318262,-3.392383575439453,2006
1.6708,1812.441650390625,183353,Indonesia,132935286784,4.946468353271484,1490.78662109375,134524583936,3138.156005859375,232374239,5.68792724609375,2007
1.5556,1555.9307861328125,186824,Indonesia,145608622080,4.6200337409973145,1685.765869140625,147980500992,3159.394775390625,235469755,3.858844757080078,2008
1.6845,1616.4072265625,189543,Indonesia,131498942464,3.247328281402588,1764.341064453125,125816782848,3131.871826171875,238620554,2.8886337280273438,2009
1.8688,1903.318115234375,191872,Indonesia,151574003712,4.812273025512695,1821.3958740234375,147638861824,3271.8037109375,241834226,17.55145263671875,2010
2.0593,2223.821533203125,193582,Indonesia,173961347072,4.748318672180176,1743.431884765625,169827319808,3461.38916015625,245115988,-12.643081665039062,2011
2.0991,2265.252685546875,194608,Indonesia,176759963648,4.606485366821289,1729.5596923828125,183410819072,3590.6708984375,248451714,3.9085006713867188,2012
1.9701,1961.00390625,194152,Indonesia,184125472768,4.15142822265625,1767.4561767578125,186825736192,3425.695556640625,251805314,13.770309448242188,2013
1.9558,2045.8392333984375,192481,Indonesia,186104152064,3.6390724182128906,1726.2628173828125,190785880064,3367.238037109375,255128076,3.85540771484375,2014
2.1343,2302.0498046875,191708,Indonesia,182158295040,3.5550625324249268,1770.8404541015625,178863652864,3170.403076171875,258383257,-11.615066528320312,2015
2.1443,2371.985107421875,187296,Indonesia,179133546496,3.7588372230529785,1706.3536376953125,174561771520,3021.216552734375,261556386,33.853782653808594,2016
2.1733,2512.010009765625,183668,Indonesia,195071574016,3.8411972522735596,1632.9180908203125,188645326848,3202.406494140625,264650968,0.8339920043945312,2017
2.2972,2945.69677734375,184877,Indonesia,207778824192,3.9878249168395996,1663.559326171875,211539361792,3266.28564453125,267670549,59.827735900878906,2018
2.441,3504.395751953125,186267,Indonesia,205987151872,3.8714442253112793,1625.818603515625,195897556992,3140.406982421875,270625567,22.903854370117188,2019
2.1552,3303.65576171875,,Indonesia,190116413440,-3.107142210006714,1371.641845703125,167076069376,2738.368896484375,273523621,30.611831665039062,2020
,3298.4052734375,,Indonesia,,,1341.7447509765625,,2844.71826171875,276361788,17.912628173828125,2021
8.0198,5746.7158203125,,Japan,159037259776,2.01041579246521,2137.29345703125,205745438720,24079.833984375,117816942,22.298797607421875,1980
7.8061,6393.09228515625,,Japan,180221788160,3.452970504760742,2125.02734375,210140626944,22586.892578125,118732838,-1.936065673828125,1981
7.5031,6052.80517578125,,Japan,182802677760,2.5983033180236816,2160.301025390625,208725114880,20890.685546875,119605254,10.1341552734375,1982
7.3148,5925.4033203125,,Japan,191891505152,2.8054544925689697,2308.96630859375,201537716224,20748.787109375,120427643,11.52001953125,1983
7.7323,6584.58056640625,,Japan,221289398272,3.8266823291778564,3085.924560546875,222773755904,21812.0078125,121189269,-33.92633056640625,1984
7.4858,6832.97216796875,,Japan,232915976192,4.576744556427002,3286.7265625,216780013568,20591.083984375,121883483,35.099853515625,1985
7.4465,6473.60498046875,,Japan,220990504960,2.777920722961426,3327.2470703125,224922550272,20690.3671875,122509119,-2.52294921875,1986
7.3333,6576.00146484375,,Japan,220762226688,4.227041721343994,3396.735107421875,245205663744,20695.578125,123072720,-14.6734619140625,1987
7.974,7078.32861328125,,Japan,235543937024,6.341599941253662,3587.74755859375,290964701184,22161.7421875,123584522,49.6693115234375,1988
8.2355,7062.5068359375,,Japan,257860435968,4.439692497253418,3712.438232421875,343320985600,22942.259765625,124058517,7.665435791015625,1989
9.3009,7290.37353515625,31556,Japan,276381696000,4.545273780822754,4041.2666015625,371149832192,23799.5078125,124505243,-32.66644287109375,1990
9.3628,7207.8955078125,31614,Japan,290855878656,3.0120491981506348,4258.5087890625,367020867584,23980.0703125,124929764,23.213409423828125,1991
9.4102,7063.31689453125,31852,Japan,303594831872,0.4744231402873993,4413.1708984375,363030577152,24445.736328125,125331300,-41.83245849609375,1992
9.3259,7181.80029296875,32133,Japan,304697802752,-0.8398863673210144,4430.4365234375,358366937088,23868.580078125,125707407,36.1964111328125,1993
9.7362,7499.4228515625,31839,Japan,316522856448,0.7114946842193604,4725.1083984375,387733291008,25161.0625,126053127,-77.48748779296875,1994
9.8098,7754.138671875,32332,Japan,329763487744,2.390519618988037,4797.0048828125,438102589440,26039.166015625,126365486,45.01104736328125,1995
9.8823,7940.22314453125,31652,Japan,345699844096,2.9001412391662598,5107.00732421875,489655730176,26168.169921875,126644099,-1.89593505859375,1996
9.8097,8140.30810546875,31606,Japan,384020611072,0.7409059405326843,5290.67138671875,492161433600,25832.541015625,126892745,31.28558349609375,1997
9.4794,7746.5322265625,32358,Japan,374713253888,-1.5382441282272339,5440.94384765625,458675257344,24868.8359375,127117436,7.194244384765625,1998
9.7514,8136.41064453125,33062,Japan,382209687552,-0.5157405734062195,5705.18408203125,475657502720,25240.7890625,127326063,-14.284698486328125,1999
9.9148,8708.962890625,32717,Japan,431988277248,2.592890977859497,5933.38623046875,521141780480,24845.15234375,127524168,1.41351318359375,2000
9.7857,8903.927734375,32399,Japan,403330924544,0.14451168477535248,6086.13720703125,527202385920,24066.91796875,127713824,-9.72216796875,2001
10.0015,9444.6708984375,32153,Japan,435163987968,-0.19039201736450195,5946.06298828125,531352944640,23868.818359375,127893075,-0.4224853515625,2002
10.0538,9692.9189453125,32315,Japan,477066100736,1.3180919885635376,6520.32568359375,549386878976,24400.416015625,128058368,37.790252685546875,2003
10.0064,9938.0732421875,32221,Japan,545624621056,2.1517233848571777,6287.16259765625,596107067392,23733.4453125,128204183,-0.84027099609375,2004
10.0554,10401.734375,32748,Japan,584471609344,1.7943397760391235,6446.697265625,631551229952,23344.705078125,128326115,-28.1383056640625,2005
9.8687,10217.3623046875,32410,Japan,644707581952,1.3081271648406982,6895.22216796875,661260206080,22491.49609375,128422740,31.724578857421875,2006
10.1416,10719.5908203125,32290,Japan,700816883712,1.367422342300415,7423.69482421875,676276273152,21782.9140625,128494050,-37.369476318359375,2007
9.5871,11006.658203125,32252,Japan,711945093120,-1.2721099853515625,7709.70458984375,681232302080,20967.486328125,128538644,-0.98516845703125,2008
9.0484,9232.978515625,32021,Japan,545472610304,-5.68145227432251,7193.6435546875,575230377984,18789.650390625,128555196,-15.12322998046875,2009
9.4507,10523.6484375,32373,Japan,681081110528,4.079223155975342,7774.61376953125,640148045824,18971.763671875,128542349,57.572357177734375,2010
9.8434,9981.7900390625,33569,Japan,680266563584,0.20925180613994598,8717.98828125,676815699968,18973.95703125,128498966,-15.035400390625,2011
10.1695,10544.7861328125,35180,Japan,681257926656,1.536786675453186,9594.4287109375,713723805696,20266.763671875,128423571,-7.07354736328125,2012
10.251,10984.2724609375,37335,Japan,686779858944,2.1523711681365967,9627.6865234375,736341983232,19393.978515625,128314189,24.1593017578125,2013
9.8599,10811.814453125,38944,Japan,750937505792,0.4293811321258545,9733.4365234375,796169011200,18439.513671875,128168630,34.753936767578125,2014
9.5589,10922.994140625,39833,Japan,775051870208,1.6684651374816895,9275.892578125,799671844864,17723.59765625,127985139,54.722747802734375,2015
9.4215,10921.6484375,40362,Japan,787594412032,0.8700469732284546,9111.9658203125,790272802816,17232.8359375,127763267,-10.337738037109375,2016
9.3184,11105.357421875,40586,Japan,839725875200,1.8427090644836426,9175.21484375,816405413888,17017.35546875,127502728,39.91302490234375,2017
8.9893,10900.7353515625,41757,Japan,871296204800,0.762860894203186,9096.396484375,847539535872,16506.76953125,127202190,33.797454833984375,2018
8.7177,10740.900390625,42565,Japan,858875953152,0.4800882041454315,8523.01953125,844075499520,16033.06640625,126860299,1.040191650390625,2019
8.1499,10047.3388671875,,Japan,758054780928,-4.260289669036865,8232.955078125,782592966656,14247.01171875,126476458,39.08905029296875,2020
,10572.3359375,,Japan,,,8220.6875,,14571.623046875,126050796,32.33642578125,2021
2.0316,42.14350128173828,,Malaysia,15380324352,4.809457778930664,1885.500244140625,14229382144,6946.47265625,13798094,0.902562141418457,1980
2.1846,76.5236587524414,,Malaysia,15252490240,4.400094985961914,1547.752685546875,15024927744,7309.7783203125,14134060,0.4512810707092285,1981
2.1174,68.31147003173828,,Malaysia,16881026048,3.4748549461364746,1903.0771484375,17091442688,7407.05126953125,14471215,-0.1735696792602539,1982
2.5675,173.4364776611328,,Malaysia,18963785728,3.755601644515991,2604.6865234375,18630172672,7734.3935546875,14819430,0.7289929389953613,1983
2.2903,182.95912170410156,,Malaysia,21577605120,5.116954326629639,3147.815673828125,19842234368,7415.83740234375,15192300,5.033519268035889,1984
2.329,237.83499145507812,,Malaysia,21674160128,-3.6052684783935547,2960.635498046875,17890560000,7106.125,15598924,0.9372749328613281,1985
2.4995,171.7997589111328,,Malaysia,24228823040,-1.566296935081482,4466.7939453125,16733240320,6360.97607421875,16043736,1.0414180755615234,1986
2.4741,230.17848205566406,,Malaysia,27755845632,2.1469058990478516,4326.93310546875,18151178240,6328.08154296875,16522004,2.4994020462036133,1987
2.5184,177.6357879638672,,Malaysia,30780807168,6.7055158615112305,4284.4384765625,21729634304,6562.30810546875,17022470,2.256405830383301,1988
2.8572,794.1776733398438,,Malaysia,35457576960,5.9083757400512695,4764.40283203125,27314438144,6611.92724609375,17528961,-1.2844152450561523,1989
3.01,854.7540893554688,7886,Malaysia,41775816704,5.980303764343262,4386.9326171875,34494181376,7463.8525390625,18029824,-3.7491044998168945,1990
3.5521,980.2357788085938,7577,Malaysia,48364007424,6.646424770355225,6350.05029296875,43189870592,8258.8291015625,18519941,1.2497014999389648,1991
3.8395,1003.0408325195312,7429,Malaysia,54455836672,6.119141101837158,6725.48291015625,45942775808,9525.9404296875,19002660,-0.4829216003417969,1992
4.4506,817.7648315429688,7424,Malaysia,60741423104,7.1751017570495605,6441.447265625,52850376704,9582.771484375,19484901,1.6766138076782227,1993
4.5367,886.0286254882812,7617,Malaysia,74047881216,6.519082546234131,6523.625,66398920704,9838.09375,19977508,4.819892883300781,1994
5.5611,946.79150390625,7870,Malaysia,88090705920,7.094583988189697,6606.99853515625,82134179840,10972.759765625,20487604,-0.7836036682128906,1995
5.3975,927.3392944335938,7618,Malaysia,96219676672,7.228691101074219,7752.919921875,86146867200,11728.5244140625,21017619,-3.0575265884399414,1996
5.6618,874.2488403320312,7479,Malaysia,101502754816,4.6093058586120605,9381.5419921875,91164557312,13076.619140625,21562790,-2.989516258239746,1997
5.1657,909.716796875,7339,Malaysia,102001287168,-9.671202659606934,9242.619140625,74067697664,11655.015625,22114647,0.8397846221923828,1998
4.7787,994.9613647460938,8104,Malaysia,115428024320,3.5773122310638428,10266.2509765625,81891713024,11116.03515625,22661293,9.15188217163086,1999
5.4411,1245.6898193359375,7724,Malaysia,133972377600,6.357501983642578,12397.04296875,101852438528,11742.4970703125,23194252,0.1724395751953125,2000
5.6513,1456.3858642578125,7793,Malaysia,124821848064,-1.6651489734649658,11687.3349609375,93464854528,12426.607421875,23709115,-2.8503761291503906,2001
5.5815,1748.490234375,7959,Malaysia,131596345344,3.217395305633545,11602.9091796875,99246538752,13170.0126953125,24208391,-2.5568294525146484,2002
6.3372,2501.485107421875,8246,Malaysia,138352328704,3.6879191398620605,12253.990234375,103746150400,13507.1171875,24698821,-1.0052318572998047,2003
6.7923,3059.809326171875,8262,Malaysia,160569311232,4.698581695556641,12978.728515625,124118114304,13881.916015625,25190647,1.8081207275390625,2004
7.0583,3116.5263671875,8365,Malaysia,173899628544,3.2822582721710205,14547.3369140625,135178084352,14098.6796875,25690615,1.1926021575927734,2005
6.8234,3237.123779296875,8435,Malaysia,185519882240,3.524327039718628,14832.4697265625,146222219264,13406.0712890625,26201954,0.8914051055908203,2006
6.8283,3848.068359375,8431,Malaysia,193735770112,4.236438751220703,15120.0966796875,155033501696,14020.251953125,26720367,-0.7138252258300781,2007
7.4161,4174.20166015625,8677,Malaysia,196783407104,2.8470795154571533,15989.751953125,158660067328,13167.3076171875,27236003,5.212059020996094,2008
7.2368,4451.5126953125,8891,Malaysia,175376482304,-3.285590410232544,14430.23828125,138460348416,12829.822265625,27735038,-0.7918453216552734,2009
7.6551,6088.3935546875,8882,Malaysia,193649082368,5.623556137084961,13479.5380859375,159953141760,12723.2490234375,28208028,-2.002635955810547,2010
7.5737,5992.24072265625,9077,Malaysia,201742434304,3.666105270385742,13373.84765625,170046570496,12795.6259765625,28650962,5.444782257080078,2011
7.4037,6350.03857421875,9303,Malaysia,198228377600,3.959552764892578,14454.185546875,174998421504,13823.5,29068189,3.046602249145508,2012
8.2286,5942.26025390625,9213,Malaysia,198742278144,3.2700419425964355,15123.498046875,178015207424,14502.1923828125,29468923,5.885103225708008,2013
8.1975,5975.98779296875,9748,Malaysia,208759439360,4.595210075378418,14969.630859375,185116262400,14368.2314453125,29866606,3.0330123901367188,2014
7.659,6682.8525390625,10090,Malaysia,209286971392,3.6877217292785645,15473.5166015625,186603061248,13164.4833984375,30270965,1.5329055786132812,2015
8.1657,7099.54052734375,10044,Malaysia,212048461824,3.0416011810302734,14663.0234375,189279223808,14458.3134765625,30684652,16.231487274169922,2016
8.0554,7761.06298828125,9839,Malaysia,230460637184,4.383944034576416,14481.4833984375,208570187776,13417.111328125,31104655,17.904300689697266,2017
8.6345,8213.107421875,10303,Malaysia,234915414016,3.4351589679718018,14170.8193359375,211674251264,13418.322265625,31528033,0.8682785034179688,2018
8.7218,7659.8037109375,10960,Malaysia,232461139968,3.0608088970184326,14151.927734375,206619377664,14410.5791015625,31949789,1.0734710693359375,2019
8.4226,8405.3359375,,Malaysia,211774668800,-6.860273361206055,11838.5244140625,189292019712,12254.0107421875,32365998,4.9156646728515625,2020
,7530.8681640625,,Malaysia,,,12529.63671875,,12339.2890625,32776195,12.204902648925781,2021
5.5548,4331.08203125,,New Zealand,12139433984,1.1569938659667969,2764.36328125,8612200448,15632.9716796875,3146610,2.9908905029296875,1980
5.2328,4290.2705078125,,New Zealand,12419189760,4.253881931304932,3373.81298828125,9557391360,14764.8583984375,3164823,0.8511581420898438,1981
5.73,4174.498046875,,New Zealand,12612729856,-0.06809090822935104,6092.6279296875,9696431104,14596.396484375,3188537,-3.979522705078125,1982
5.5969,4586.43603515625,,New Zealand,13380737024,2.0942084789276123,6558.919921875,9619720192,13870.91015625,3215732,4.332233428955078,1983
5.9625,4229.7314453125,,New Zealand,14635236352,3.8904318809509277,8339.4658203125,10729292800,13919.4404296875,3243034,2.2890548706054688,1984
6.688,3875.49658203125,,New Zealand,14878042112,0.9885643720626831,10552.8212890625,10892988416,13090.9912109375,3268234,-2.3389663696289062,1985
6.9738,4424.16748046875,,New Zealand,15561594880,2.731595277786255,12648.361328125,11114218496,11735.8818359375,3290304,7.273368835449219,1986
7.299,3669.82177734375,,New Zealand,16698857472,0.10413669049739838,12159,12077216768,13416.9814453125,3310751,-0.5145339965820312,1987
7.6361,3950.435791015625,,New Zealand,17053775872,-0.6273009777069092,13247.763671875,12100110336,13311.544921875,3332787,3.0845184326171875,1988
7.5732,4264.93994140625,,New Zealand,16716529664,-0.31844353675842285,7145.37353515625,14012030976,13382.083984375,3360956,0.1980133056640625,1989
7.548,4098.7529296875,472,New Zealand,18273165312,-0.7674105763435364,13080.1357421875,14191252480,14917.5009765625,3398175,2.9348297119140625,1990
7.6412,3853.7099609375,464,New Zealand,19960870912,-5.768365383148193,14028.81640625,13666014208,14931.20703125,3446171,-0.37580108642578125,1991
8.0712,4174.4091796875,464,New Zealand,20876148736,0.04673212394118309,14604.126953125,14680516608,15157.4599609375,3503194,-5.483390808105469,1992
7.8168,4041.633544921875,464,New Zealand,22367985664,5.185206890106201,13999.4072265625,15726414848,14759.1171875,3564473,7.5299072265625,1993
7.7354,3758.399658203125,452,New Zealand,24268494848,3.730459690093994,12908.5234375,17974540288,16912.203125,3623272,6.528404235839844,1994
7.6597,3715.818115234375,455,New Zealand,25185245184,3.200792074203491,12144.55078125,19106125824,17933.861328125,3674940,4.883338928222656,1995
7.9028,3620.2548828125,446,New Zealand,26243375104,1.9899004697799683,13685.7744140625,20314894336,18110.62109375,3717352,-4.208930969238281,1996
8.3484,3871.79443359375,437,New Zealand,27138772992,0.7192387580871582,14605.53125,20504582144,18991.85546875,3752355,-8.364051818847656,1997
7.9098,3500.847412109375,420,New Zealand,28065830912,-0.09299208223819733,12767.3857421875,21148211200,19060.83984375,3783976,6.8593597412109375,1998
8.26,3554.447509765625,420,New Zealand,30396366848,4.898222923278809,14466.1748046875,23103301632,18986.3125,3818128,-6.346931457519531,1999
8.3803,3332.458740234375,402,New Zealand,32237969408,2.3021628856658936,15224.875,23361671168,19301.47265625,3858992,5.265869140625,2000
8.8256,4075.4404296875,394,New Zealand,33297569792,2.856935739517212,15863.3759765625,24359819264,19146.357421875,3907941,-9.203094482421875,2001
8.7453,4016.60546875,382,New Zealand,35805564928,2.871727466583252,14932.8603515625,26152040448,19592.42578125,3963202,8.389785766601562,2002
9.0254,5712.08544921875,361,New Zealand,36765761536,2.5066778659820557,11094.783203125,29595199488,20376.490234375,4022074,-4.4328155517578125,2003
8.8112,5817.701171875,345,New Zealand,37932134400,2.493485689163208,9978.912109375,33550514176,20180.23046875,4080421,10.916336059570312,2004
9.0811,6390.62060546875,327,New Zealand,37764247552,2.161439895629883,9086.5869140625,35184443392,20643.544921875,4135353,-9.876731872558594,2005
8.9691,6216.4990234375,323,New Zealand,39074205696,1.634447455406189,9115.0283203125,34596413440,20591.833984375,4185881,0.9831314086914062,2006
8.6598,4658.81787109375,321,New Zealand,40607277056,2.071338653564453,9957.9150390625,38244954112,20456.505859375,4233046,1.0898818969726562,2007
8.8153,5720.30810546875,317,New Zealand,39516749824,-1.9507280588150024,9126.640625,37034225664,20511.53515625,4278156,-2.0571441650390625,2008
8.0684,4352.87451171875,315,New Zealand,41111674880,-1.128572702407837,9284.248046875,33568174080,19372.2421875,4323338,7.780029296875,2009
8.0162,3677.74853515625,311,New Zealand,42271420416,0.4055318832397461,10013.58984375,37426683904,19186.373046875,4370060,4.07623291015625,2010
7.8071,3682.0224609375,315,New Zealand,43241189376,1.4800149202346802,9101.259765625,39886733312,19550.720703125,4418674,2.2645034790039062,2011
8.0873,4536.6904296875,304,New Zealand,44556304384,1.681670069694519,9991.505859375,40415899648,19050.849609375,4468462,-5.6082916259765625,2012
7.8133,3956.496337890625,292,New Zealand,44616683520,1.909746527671814,10416.0009765625,43700764672,19108.82421875,4518519,0.7238922119140625,2013
7.7791,3614.62548828125,290,New Zealand,46691704832,2.103712797164917,11448.1728515625,46943117312,19224.09765625,4567522,5.562446594238281,2014
7.8169,3613.2578125,287,New Zealand,49606164480,1.6172089576721191,10406.0302734375,48010600448,19789.12890625,4614527,2.0340652465820312,2015
7.3627,2961.0107421875,290,New Zealand,50377854976,1.4262384176254272,10296.39453125,50503356416,20091.814453125,4659265,3.1626434326171875,2016
7.6254,3091.509521484375,286,New Zealand,52167176192,1.4715328216552734,10616.95703125,54153207808,20998.076171875,4702029,-3.1274948120117188,2017
7.5455,3304.318603515625,319,New Zealand,53645021184,1.373543620109558,9493.7451171875,56286216192,20773.30078125,4743131,2.089935302734375,2018
7.839,3729.360107421875,334,New Zealand,53511745536,0.027564149349927902,10048.21875,56869015552,21095.50390625,4783062,-1.2947540283203125,2019
6.9418,3541.08740234375,,New Zealand,44076941312,-0.24080076813697815,9486.48046875,47821565952,17184.58984375,4822233,-3.5421829223632812,2020
,4121.22265625,,New Zealand,,,7985.41650390625,,16626.048828125,4860642,0.54998779296875,2021
0.7785,34.37594985961914,,Philippines,12785462272,2.3619844913482666,0,13943314432,2712.214111328125,47357741,5.89039421081543,1980
0.7094,57.975059509277344,,Philippines,13996936192,0.6278466582298279,0,13832995840,2480.6328125,48672831,6.020534515380859,1981
0.6964,62.918418884277344,,Philippines,12522193920,0.8983485102653503,0,14177318912,2322.685791015625,50023564,0.1300029754638672,1982
0.6855,111.46793365478516,,Philippines,13179584512,-0.8489250540733337,0,13787680768,2363.8818359375,51408910,3.671619415283203,1983
0.5836,173.80747985839844,,Philippines,13895303168,-9.534896850585938,0,11488030720,1883.001953125,52827047,5.066062927246094,1984
0.514,239.25477600097656,,Philippines,11581612032,-9.344614028930664,0,9917336576,1629.468505859375,54275836,2.527301788330078,1985
0.5206,183.46331787109375,,Philippines,13511486464,0.7639502286911011,0,10909698048,1667.71142578125,55755346,0.3274688720703125,1986
0.5675,190.0020751953125,,Philippines,14356051968,1.6126288175582886,0,13954737152,1885.2803955078125,57263835,-4.41943359375,1987
0.6375,234.3401641845703,,Philippines,16479262720,3.9182848930358887,0,16592720896,1979.4678955078125,58794999,3.936016082763672,1988
0.6448,180.49325561523438,,Philippines,17860157440,3.4637703895568848,0,19028967424,2164.701171875,60340768,2.0176315307617188,1989
0.6681,200.94735717773438,43170,Philippines,18276716544,0.49391138553619385,0,20907720704,2206.080078125,61895169,-0.6865615844726562,1990
0.6851,220.12461853027344,41916,Philippines,19449100288,-2.883502721786499,0,20722341888,2084.832763671875,63454785,-3.255329132080078,1991
0.7427,214.0740509033203,42039,Philippines,20437555200,-1.9998936653137207,0,22518806528,2503.849609375,65020124,-2.2492523193359375,1992
0.7347,212.3559112548828,42409,Philippines,21652451328,-0.23292285203933716,0,24983939072,2523.17529296875,66593903,1.6509838104248047,1993
0.7938,199.85214233398438,42790,Philippines,25719279616,1.9443186521530151,0.775454044342041,28385472512,2603.3681640625,68180846,4.313116073608398,1994
0.8591,235.5414276123047,43329,Philippines,28588261376,2.2215330600738525,0.7304394841194153,32669310976,2863.498291015625,69784087,0.5691413879394531,1995
0.8579,320.5694885253906,44369,Philippines,32743815168,3.462008237838745,1.2075413465499878,37844717568,2925.351806640625,71401743,3.4918441772460938,1996
0.9593,388.83795166015625,45032,Philippines,38209630208,2.839966297149658,0.716530978679657,42681184256,3076.715087890625,73030879,-0.8468894958496094,1997
0.914,383.9983825683594,46619,Philippines,30600505344,-2.7005767822265625,1.1945983171463013,37057327104,3039.710693359375,74672009,1.7926521301269531,1998
0.8932,440.5892028808594,49217,Philippines,33711671296,1.1070213317871094,0.8987371325492859,37686927360,2818.935546875,76325927,12.969711303710938,1999
0.9276,598.3064575195312,52569,Philippines,38338060288,2.1529934406280518,1.307142972946167,42131972096,2546.537353515625,77991757,2.807079315185547,2000
0.8824,598.0781860351562,56219,Philippines,37506830336,0.8748739957809448,16.84869384765625,45760339968,2479.0166015625,79672869,-5.743526458740234,2001
0.8622,510.3409423828125,59690,Philippines,39324082176,1.5589650869369507,207.2860107421875,49006186496,2301.27587890625,81365260,-1.0906829833984375,2002
0.8454,520.3622436523438,61344,Philippines,42954964992,2.9526915550231934,309.5096435546875,51607764992,2243.300537109375,83051970,0.9425010681152344,2003
0.8591,554.5674438476562,63158,Philippines,45764796416,4.4826765060424805,280.2445068359375,53308231680,2263.222412109375,84710544,3.0330810546875,2004
0.8488,618.1550903320312,66727,Philippines,51484528640,2.9783709049224854,364.22650146484375,55295254528,2063.744140625,86326251,-1.9135818481445312,2005
0.7569,664.2789916992188,68885,Philippines,56662421504,3.4441745281219482,335.0461730957031,55512477696,1823.36962890625,87888675,5.733547210693359,2006
0.7915,702.4400634765625,70385,Philippines,58284187648,4.7121405601501465,394.88189697265625,55375794176,1862.490234375,89405482,-4.914192199707031,2007
0.8504,812.419189453125,73438,Philippines,55777763328,2.6267030239105225,408.8484191894531,58023641088,1752.9725341796875,90901967,4.650798797607422,2008
0.8277,762.6298217773438,76013,Philippines,53151567872,-0.2116989940404892,404.96612548828125,56661716992,1792.3077392578125,92414161,-1.5207786560058594,2009
0.8828,868.8453369140625,77603,Philippines,63945445376,5.561000823974609,375.1279296875,68417359872,1843.385498046875,93966784,-6.861236572265625,2010
0.8762,940.343994140625,78736,Philippines,63446118400,2.115926742553711,398.22637939453125,67776872448,1713.2662353515625,95570049,5.319614410400391,2011
0.9094,967.3186645507812,78891,Philippines,66305904640,5.090726852416992,375.3069763183594,72354988032,1742.8626708984375,97212639,2.1876869201660156,2012
0.9689,1176.7410888671875,77575,Philippines,67614523392,4.959414958953857,339.88958740234375,77424566272,1796.422607421875,98871558,-2.588573455810547,2013
1.0067,1231.53125,76301,Philippines,75820965888,4.611114025115967,351.6213073730469,85088239616,1875.4710693359375,100513137,-0.6526412963867188,2014
1.0982,1323.04736328125,76561,Philippines,83378044928,4.681878566741943,325.3742980957031,97859084288,2103.751220703125,102113206,2.8025436401367188,2015
1.1792,1468.3592529296875,76124,Philippines,91054202880,5.546712398529053,367.5211181640625,116269481984,2225.6552734375,103663812,2.5813217163085938,2016
1.2827,1711.4432373046875,75510,Philippines,106899259392,5.396653175354004,358.878173828125,133878538240,2349.005859375,105172921,3.129150390625,2017
1.3189,1783.0927734375,74942,Philippines,119530831872,4.867308616638184,383.3805236816406,153484476416,2328.72509765625,106651394,0.05673980712890625,2018
1.3561,1880.737060546875,74783,Philippines,122681688064,4.6803765296936035,389.9488525390625,157065183232,2345.07421875,108116622,-3.653839111328125,2019
1.2413,1844.7734375,,Philippines,102743138304,-10.781513214111328,350.68402099609375,123185668096,1897.03076171875,109581085,-1.2250137329101562,2020
,1972.8038330078125,,Philippines,,,295.65277099609375,,2051.3291015625,111046910,3.080699920654297,2021
3.5359,4034.746826171875,,South Korea,16828071936,-3.1666204929351807,0,27587315712,7490.55126953125,38045605,-1.111215591430664,1980
3.6167,4592.734375,,South Korea,19160991744,5.585902690887451,0,28876349440,7309.06884765625,38602287,2.0028634071350098,1981
3.5943,4586.83935546875,,South Korea,19553421312,6.676619052886963,0,29313425408,7149.1201171875,39175221,-2.6090846061706543,1982
3.7528,4825.2109375,,South Korea,22771806208,11.717020988464355,0,31331446784,7372.26025390625,39747794,1.7115907669067383,1983
3.9888,5733.8662109375,,South Korea,25645676544,9.195796012878418,0,32685015040,7303.171875,40296230,-0.8754105567932129,1984
4.1366,6276.69921875,,South Korea,25977638912,6.782329559326172,0,32017645568,7624.65283203125,40804406,3.50942325592041,1985
4.2733,6575.2353515625,,South Korea,35076370432,10.22535228729248,17.248371124267578,42648170496,8212.76953125,41265123,-0.2220296859741211,1986
4.4475,6594.93994140625,,South Korea,43647590400,11.61866569519043,528.289306640625,50364780544,8546.2607421875,41686566,2.5296783447265625,1987
5.0135,6953.21240234375,,South Korea,48307154944,10.89649486541748,675.9695434570312,57024507904,10120.880859375,42086668,-5.849335670471191,1988
5.2614,6703.68896484375,,South Korea,46536134656,6.0190629959106445,647.8567504882812,66044383232,11453.7109375,42491200,2.8882007598876953,1989
5.8359,6537.15771484375,18780,South Korea,48903712768,8.800429344177246,737.253173828125,74917068800,13744.9306640625,42918416,5.088896751403809,1990
6.3555,6490.60791015625,18551,South Korea,54880509952,9.686999320983887,845.1181030273438,89888546816,16538.978515625,43373148,-3.542177200317383,1991
6.8425,6251.59716796875,17965,South Korea,61534400512,5.1007819175720215,1093.5294189453125,94218444800,19797.26953125,43848223,-1.1461067199707031,1992
7.4495,6778.341796875,17624,South Korea,67725934592,5.797285556793213,1351.135498046875,100572200960,21499.517578125,44335037,3.3446407318115234,1993
7.9392,6884.705078125,17563,South Korea,79982764032,8.174763679504395,1779.06005859375,124645244928,23344.345703125,44820070,-5.563447952270508,1994
8.4715,7060.13916015625,17136,South Korea,98343952384,8.517152786254883,2129.103515625,152104992768,25204.505859375,45292521,2.0187997817993164,1995
9.204,8159.8828125,16946,South Korea,108365103104,6.867624282836914,2784.7314453125,173606502400,26698.451171875,45751023,-0.5009126663208008,1996
9.6369,8793.0810546875,17036,South Korea,128644333568,5.179629802703857,3351.53857421875,177707794432,29066.892578125,46196056,0.11762428283691406,1997
8.1175,8993.1826171875,17261,South Korea,147380895744,-5.811819553375244,3106.82470703125,134669131776,23964.93359375,46620698,4.2753496170043945,1998
8.7414,9438.4482421875,17473,South Korea,165464571904,10.677450180053711,3750.955322265625,167845511168,25488.458984375,47016952,-0.24967575073242188,1999
9.298,10536.537109375,17366,South Korea,193569505280,8.152689933776855,4180.68115234375,204927172608,25902.962890625,47379237,-0.43407726287841797,2000
9.5636,11146.8125,16993,South Korea,190087053312,4.051006317138672,4560.7783203125,197832212480,25729.876953125,47706226,-4.992404937744141,2001
9.9332,11904.0712890625,16880,South Korea,214442377216,7.10433292388916,5037.072265625,227291774976,26026.4140625,47999551,2.8904056549072266,2002
10.0693,12320.05078125,16804,South Korea,243562627072,2.614039897918701,5247.2822265625,251110293504,26102.888671875,48260901,4.792157173156738,2003
10.1508,12758.375,16627,South Korea,294722437120,4.781286239624023,6119.38330078125,281454968832,25794.533203125,48493434,-1.2764434814453125,2004
10.2578,13085.3720703125,16368,South Korea,318003118080,4.087645053863525,6523.99951171875,303275278336,25815.40234375,48701069,-1.670501708984375,2005
10.3212,13479.1611328125,16038,South Korea,356306878464,4.71292781829834,6853.16650390625,341099446272,25747.58203125,48880449,0.10819244384765625,2006
10.664,14148.4052734375,15864,South Korea,401215553536,5.266361236572266,7399.18408203125,379927298048,26353.3828125,49034813,1.846395492553711,2007
10.858,15630.3837890625,15707,South Korea,431716630528,2.2337522506713867,7591.49462890625,392324513792,25054.50390625,49182458,0.9305152893066406,2008
10.9272,16166.181640625,15661,South Korea,429744652288,0.2752689719200134,7192.16552734375,365224198144,25267.361328125,49347450,1.2270746231079102,2009
12.021,18107.732421875,15833,South Korea,485731041280,6.274019718170166,9085.8603515625,429174095872,25713.638671875,49545638,11.972753524780273,2010
12.5447,19549.30078125,16260,South Korea,560617160704,2.8914120197296143,9730.7099609375,491455971328,25848.669921875,49786153,12.053049087524414,2011
12.5635,18733.306640625,17164,South Korea,593096015872,1.865599513053894,10493.001953125,504074534912,26627.4140625,50060639,1.6055488586425781,2012
12.6285,18836.888671875,17944,South Korea,615753711616,2.6961510181427,10919.662109375,512340951040,26517,50345720,7.524158477783203,2013
12.4604,19395.328125,18593,South Korea,628657225728,2.5562195777893066,9880.669921875,518812729344,26276.3359375,50607904,8.602890014648438,2014
12.4985,19542.615234375,19238,South Korea,630129491968,2.2684295177459717,8982.0849609375,529773428736,27424.0859375,50823087,5.671867370605469,2015
12.5386,18591.0703125,19583,South Korea,645077991424,2.53914475440979,9344.93359375,557187334144,29804.083984375,50983446,6.049350738525391,2016
12.8335,19614.587890625,20600,South Korea,661078147072,2.870197057723999,9737.7470703125,606537318400,29445.66015625,51096408,14.762779235839844,2017
13.125,19693.478515625,21645,South Korea,687362211840,2.4622461795806885,11296.087890625,616926543872,29307.189453125,51171700,12.419624328613281,2018
12.6505,18650.271484375,23115,South Korea,689000415232,1.8889145851135254,10938.697265625,605147234304,29028.5078125,51225321,6.875511169433594,2019
11.6562,16387.21875,,South Korea,676312186880,-0.9886318445205688,11222.591796875,584998256640,27417.546875,51269183,1.0764083862304688,2020
,16438.919921875,,South Korea,,,12191.3125,,29186.751953125,51305184,25.47857666015625,2021
0.2254,1.7735402584075928,,Sri Lanka,2919300864,4.107432842254639,0,3234783488,1237.717041015625,15035840,0.054112911224365234,1980
0.2623,0.9694052934646606,,Sri Lanka,3211629056,4.059429168701172,0,3009191424,1276.828857421875,15272822,0.27056407928466797,1981
0.2882,13.35754108428955,,Sri Lanka,3357218304,2.6071207523345947,0,3450085376,1359.2738037109375,15501210,0.10645151138305664,1982
0.3087,13.23298168182373,,Sri Lanka,3332994048,3.3246917724609375,0,3822205440,1390.54296875,15724641,-1.1544084548950195,1983
0.2415,25.35943603515625,,Sri Lanka,3307629056,3.623929977416992,0,4233643776,1293.1602783203125,15948501,2.5873656272888184,1984
0.2421,15.128218650817871,,Sri Lanka,3472980480,3.5208916664123535,0,3958989312,1135.454345703125,16176282,0.8971505165100098,1985
0.2231,5.581520080566406,,Sri Lanka,3923598592,2.8764126300811768,0,4263060224,1166.095703125,16408861,0.7377686500549316,1986
0.2419,5.150501728057861,,Sri Lanka,3943878144,0.288741797208786,0,4251486208,1279.1475830078125,16643955,-1.3841662406921387,1987
0.2048,2.6046273708343506,,Sri Lanka,4225708288,1.0506023168563843,0,4166407168,1172.743896484375,16878186,1.2410478591918945,1988
0.2015,0.3004012107849121,,Sri Lanka,4508403200,0.9324643611907959,0,4083057920,1081.8677978515625,17106752,0.6047048568725586,1989
0.2211,0,12826,Sri Lanka,4810465280,5.054980754852295,0,4405621248,1188.279052734375,17325769,1.016021728515625,1990
0.236,0.37542393803596497,11973,Sri Lanka,5132766720,3.3475658893585205,0,4753664512,1174.9844970703125,17535732,-0.08338737487792969,1991
0.2879,0.37116751074790955,11895,Sri Lanka,5476662272,3.216334342956543,0,5129203712,1320.2420654296875,17736827,-0.6407794952392578,1992
0.2776,0.24949878454208374,11520,Sri Lanka,6199581184,5.778869152069092,0,5872937984,1320.607177734375,17924827,2.6497573852539062,1993
0.3004,0.2225971221923828,11953,Sri Lanka,7011727872,4.609853267669678,0,6706895872,1421.0977783203125,18094474,0.866694450378418,1994
0.3187,0.6379948854446411,12457,Sri Lanka,7215068160,4.641628742218018,0,6773964800,1500.7705078125,18242917,1.2567205429077148,1995
0.3795,0.13157448172569275,12841,Sri Lanka,7496456192,3.0970919132232666,0,6963635712,1809.553955078125,18367290,-3.7323122024536133,1996
0.4071,0,13654,Sri Lanka,8372810240,5.8085503578186035,0,7692627456,1842.9056396484375,18470897,0.5777063369750977,1997
0.4167,0.12239545583724976,13230,Sri Lanka,8453747200,4.16999626159668,0,8576505344,1916.383056640625,18564595,1.382925033569336,1998
0.4563,0,13481,Sri Lanka,8791449600,3.748962879180908,0,9177459712,2055.1640625,18663293,0.7867002487182617,1999
0.5397,0.21006108820438385,13663,Sri Lanka,10372878336,5.354733467102051,0,10543815680,2346.226806640625,18777606,-2.8770246505737305,2000
0.546,0.05419917777180672,13206,Sri Lanka,9825883136,-2.243643045425415,0,9539210240,2266.2890625,18911727,-0.3136463165283203,2001
0.5743,6.637938976287842,13104,Sri Lanka,10441312256,3.1425070762634277,0,10609259520,2386.135009765625,19062476,-1.275522232055664,2002
0.5698,36.14658737182617,13595,Sri Lanka,10791753728,5.049940586090088,0,11802479616,2326.524169921875,19224036,1.7446517944335938,2003
0.6266,9.429240226745605,13673,Sri Lanka,11627412480,4.557881832122803,0,12865994752,2308.200439453125,19387153,-1.0669736862182617,2004
0.6107,34.76577377319336,14240,Sri Lanka,12400190464,5.383795738220215,0,13211852800,2618.23876953125,19544988,1.358809471130371,2005
0.5987,25.876310348510742,14460,Sri Lanka,12876414976,6.84290885925293,0,14128380928,2669.810791015625,19695977,3.306410789489746,2006
0.6124,25.058069229125977,14550,Sri Lanka,13819907072,6.0106425285339355,0,14655824896,2808.613037109375,19842044,-2.0255470275878906,2007
0.5998,33.54376220703125,15026,Sri Lanka,13873831936,5.1975579261779785,0,15243793408,2563.493408203125,19983984,0.4623270034790039,2008
0.6433,33.904666900634766,15144,Sri Lanka,12166556672,2.8210370540618896,0,13782538240,2624.22509765625,20123508,-0.7077236175537109,2009
0.6441,34.40020751953125,15217,Sri Lanka,13232358400,7.279058933258057,0,15525637120,2614.8134765625,20261738,4.969297409057617,2010
0.7298,170.5276641845703,15374,Sri Lanka,14582059008,7.677953243255615,0,19189686272,2896.161865234375,20398496,-2.915116310119629,2011
0.7694,258.2811279296875,15099,Sri Lanka,14555593728,9.00294303894043,0,19282841600,3072.87890625,20532599,-3.468027114868164,2012
0.7104,269.9928894042969,14469,Sri Lanka,15521556480,2.592073917388916,0,18987853824,2612.750732421875,20663053,10.092775344848633,2013
0.851,515.0537719726562,14362,Sri Lanka,16183174144,3.985755205154419,0,20804354048,2939.48193359375,20788512,-6.340873718261719,2014
0.9485,689.1619262695312,14058,Sri Lanka,16937418752,4.046239376068115,0,23008993280,3050.11181640625,20908024,4.035097122192383,2015
1.0954,725.6502685546875,14104,Sri Lanka,16811711488,3.3384296894073486,0,24825493504,3609.60986328125,21021177,-4.639032363891602,2016
1.09,747.8848876953125,14194,Sri Lanka,18087575552,2.4140987396240234,0,26596036608,3478.74462890625,21128028,-0.18660831451416016,2017
0.9891,719.3068237304688,13995,Sri Lanka,18173337600,2.194959878921509,0,27063668736,3331.559814453125,21228760,6.438000679016113,2018
1.0704,764.2736206054688,14114,Sri Lanka,19475568640,1.6314120292663574,0,25495363584,3590.994873046875,21323734,-3.6584339141845703,2019
0.9857,816.8712158203125,,Sri Lanka,17609658368,-4.079409122467041,0,22584332288,3235.006591796875,21413250,1.1904010772705078,2020
,780.445556640625,,Sri Lanka,,,,,3102.68310546875,21497306,6.247499465942383,2021
4.6638,2484.424072265625,,Taiwan,,,1144.8809814453125,,12162.1142578125,17905459,-4.852418899536133,1980
4.1251,2256.734619140625,,Taiwan,,,960.2374267578125,,10538.3232421875,18191727,5.514784812927246,1981
4.0793,2606.0703125,,Taiwan,,,723.0022583007812,,11701.4033203125,18477501,-0.005406379699707031,1982
4.431,3464.76708984375,,Taiwan,,,738.544189453125,,11549.998046875,18760237,0.6000823974609375,1983
4.4574,3961.225341796875,,Taiwan,,,732.3723754882812,,10902.8798828125,19036463,-1.7843751907348633,1984
4.389,4138.18603515625,,Taiwan,,,647.498291015625,,10655.98046875,19303402,4.77642822265625,1985
4.8221,4971.7138671875,,Taiwan,,,582.2283935546875,,11717.9609375,19560164,0.38530731201171875,1986
4.9565,5312.09228515625,,Taiwan,,,581.5402221679688,,12170.583984375,19806742,-1.8410415649414062,1987
5.6418,6083.81201171875,,Taiwan,,,655.5274047851562,,14027.572265625,20042355,-2.4685544967651367,1988
6.0744,6275.63427734375,,Taiwan,,,653.0888061523438,,15447.978515625,20266424,1.1745538711547852,1989
6.0583,6136.1923828125,9438,Taiwan,,,1037.326416015625,,15864.2197265625,20478516,4.539714813232422,1990
6.46,6656.03564453125,9227,Taiwan,,,1491.8756103515625,,16312.306640625,20679072,-7.372669219970703,1991
6.8129,7620.375,9210,Taiwan,,,1466.0286865234375,,16814.51953125,20868148,8.049503326416016,1992
7.3079,8496.8662109375,9110,Taiwan,,,1521.3970947265625,,17749.095703125,21044700,-7.3283233642578125,1993
7.5992,8775.05078125,9214,Taiwan,,,1833.53369140625,,18745.865234375,21207424,2.8949832916259766,1994
7.9075,8983.494140625,9437,Taiwan,,,2034.8536376953125,,20254.60546875,21356025,-0.25164794921875,1995
8.2265,10069.23046875,9684,Taiwan,,,2063.501220703125,,20133.400390625,21488994,-0.010384559631347656,1996
8.818,11453.158203125,9600,Taiwan,,,2407.635498046875,,20568.43359375,21608309,1.6635141372680664,1997
9.2148,12361.173828125,9769,Taiwan,,,2837.94287109375,,21223.8515625,21721513,3.0885143280029297,1998
9.5151,12697.4833984375,9828,Taiwan,,,2872.650634765625,,22579.724609375,21838635,-2.918853759765625,1999
10.3329,14879.7294921875,10078,Taiwan,,,3080.7763671875,,22839.49609375,21966528,-0.5266094207763672,2000
10.3998,15514.134765625,10236,Taiwan,,,3297.0712890625,,23511.041015625,22108715,2.37384033203125,2001
10.675,16704.73828125,10212,Taiwan,,,3662.134765625,,23324.865234375,22262297,-5.941587448120117,2002
11.0795,17682.94140625,10271,Taiwan,,,3753.273681640625,,24190.46875,22419785,1.2654104232788086,2003
11.4258,18270.947265625,10459,Taiwan,,,4535.36767578125,,24581.154296875,22570229,0.6969518661499023,2004
11.7354,18495.013671875,10640,Taiwan,,,4545.14599609375,,24627.470703125,22705719,2.6027755737304688,2005
12.0996,19313.599609375,10382,Taiwan,,,4850.1240234375,,24679.623046875,22823846,0.4980449676513672,2006
12.2038,20136.865234375,10329,Taiwan,,,5122.6884765625,,25481.6796875,22927222,1.4268836975097656,2007
11.5815,19201.71484375,10280,Taiwan,,,5545.8251953125,,23965.591796875,23019042,-0.19096755981445312,2008
10.9288,18247.70703125,10095,Taiwan,,,5395.8115234375,,23445.396484375,23104542,-1.2947120666503906,2009
11.6506,19507.048828125,10165,Taiwan,,,6675.89453125,,24452.810546875,23187556,2.135652542114258,2010
11.8736,20149.62890625,10768,Taiwan,,,7323.09375,,22516.927734375,23268760,0.7739772796630859,2011
11.6828,19635.599609375,11074,Taiwan,,,7660.64404296875,,22171.623046875,23346898,4.524406433105469,2012
11.6899,19965.517578125,11391,Taiwan,,,7658.7080078125,,22739.169921875,23421582,0.32259559631347656,2013
11.7619,20118.564453125,12138,Taiwan,,,8031.74951171875,,23387.84765625,23491976,-2.7248382568359375,2014
11.7091,19460.966796875,12205,Taiwan,,,8566.4365234375,,23941.705078125,23557473,1.3225116729736328,2015
11.8428,19647.296875,12234,Taiwan,,,8876.798828125,,23991.06640625,23618201,5.8907623291015625,2016
12.0303,19897.357421875,11990,Taiwan,,,9818.587890625,,23650.94140625,23674546,-1.0645160675048828,2017
11.921,19959.294921875,12207,Taiwan,,,9972.890625,,23532.583984375,23726460,0.3844718933105469,2018
11.5813,19523.884765625,12527,Taiwan,,,9783.7705078125,,22252.625,23773881,6.689802169799805,2019
11.4698,18190.2265625,,Taiwan,,,10448.291015625,,21336.26171875,23816775,-0.28482818603515625,2020
,19498.59765625,,Taiwan,,,11440.1357421875,,22324.255859375,23855008,5.744850158691406,2021
0.8434,110.51214599609375,,Thailand,12260476928,3.0140721797943115,0,17251796992,2878.38037109375,47374463,-5.884408950805664,1980
0.7825,120.50723266601562,,Thailand,13383652352,3.8209879398345947,57.03544235229492,17348743168,2665.709716796875,48326269,5.029838562011719,1981
0.7641,154.12405395507812,,Thailand,14944103424,3.3640048503875732,285.2255554199219,14811537408,2372.079345703125,49255889,2.5489253997802734,1982
0.8394,145.27532958984375,,Thailand,14049958912,3.652326822280884,329.61065673828125,19664386048,2583.00341796875,50173922,-0.5204305648803711,1983
0.8916,179.6311798095703,,Thailand,16474723328,3.8463194370269775,483.2283020019531,21165273088,2665.23681640625,51094870,1.2448921203613281,1984
0.927,354.336181640625,,Thailand,18087424000,2.7725472450256348,623.89501953125,18484109312,2469.552734375,52026901,-1.1532258987426758,1985
0.9291,341.3941650390625,,Thailand,20875862016,3.6350910663604736,658.21923828125,18312482816,2515.074951171875,52980105,5.442931175231934,1986
1.0438,484.0838928222656,,Thailand,25427972096,7.558280944824219,896.2847900390625,24457885696,2683.250732421875,53945872,-4.347254753112793,1987
1.2061,490.1711120605469,,Thailand,32337022976,11.336434364318848,1039.5859375,34134511616,3008.7802734375,54891520,-0.9189605712890625,1988
1.3947,587.5921630859375,,Thailand,39301713920,10.419005393981934,1003.11328125,41503641600,3515.45361328125,55772169,5.277440071105957,1989
1.5544,801.846923828125,36008,Thailand,44565848064,9.622199058532715,1072.391357421875,51334463488,4191.9716796875,56558196,-1.7993545532226562,1990
1.6904,928.0443725585938,37040,Thailand,51313127424,7.279298782348633,1312.080322265625,57976303616,4419.73681640625,57232471,-1.1524286270141602,1991
1.8329,983.3180541992188,37575,Thailand,58398142464,7.001724720001221,1408.2674560546875,63175843840,4864.82666015625,57811025,-1.0524845123291016,1992
2.0726,1085.3883056640625,38044,Thailand,65981100032,7.274479389190674,1580.6044921875,71531233280,5556.01416015625,58337773,-1.588470458984375,1993
2.2641,1243.588623046875,38721,Thailand,74627874816,7.011065483093262,1733.330078125,84035059712,6137.07080078125,58875275,2.4074668884277344,1994
2.6152,1404.525146484375,39211,Thailand,86098501632,7.0439772605896,1777.2344970703125,103338213376,6830.43994140625,59467272,6.767642021179199,1995
2.8892,1690.04638671875,39626,Thailand,82238128128,4.487162113189697,2047.874267578125,99981107200,7477.03955078125,60130190,2.0446605682373047,1996
2.9352,1722.4278564453125,36712,Thailand,89682280448,-3.8985390663146973,2538.614501953125,91296800768,7420.1630859375,60846588,-0.18142127990722656,1997
2.5679,1365.3421630859375,37354,Thailand,99360268288,-8.741667747497559,2678.39453125,73443278848,6654.82177734375,61585103,-5.778858184814453,1998
2.6483,1434.968017578125,39365,Thailand,107940986880,3.3747074604034424,2941.3388671875,81813749760,6927.71630859375,62298569,-4.525033950805664,1999
2.6814,1456.58544921875,38719,Thailand,125030064128,3.3699700832366943,3366.875,103051493376,6658.9462890625,62952639,7.592197418212891,2000
2.844,1606.5303955078125,36375,Thailand,125004570624,2.48932147026062,3865.413818359375,104564514816,6526.26123046875,63539190,1.0186767578125,2001
2.9782,1700.381591796875,36786,Thailand,132363943936,5.2710981369018555,4165.69775390625,111069470720,7000.52685546875,64069093,3.783143997192383,2002
3.1292,1723.8175048828125,36779,Thailand,144453844992,6.3908867835998535,4403.13525390625,123393949696,7618.5302734375,64549867,0.9297637939453125,2003
3.3413,1918.182861328125,37489,Thailand,165588992000,5.560903549194336,4578.0283203125,148449017856,8386.7783203125,64995303,-1.9263744354248047,2004
3.4088,2060.0732421875,37722,Thailand,178438225920,3.5172979831695557,4900.8037109375,172482674688,8301.1650390625,65416189,0.33667564392089844,2005
3.439,2185.274169921875,37783,Thailand,197687574528,4.335650444030762,5015.9482421875,177559552000,8181.83154296875,65812539,7.82853889465332,2006
3.4663,2442.175537109375,38034,Thailand,215269408768,4.846460342407227,5314.4375,185017729024,8223.32421875,66182064,0.9213294982910156,2007
3.41,2619.972412109375,38215,Thailand,228753080320,1.1922072172164917,5552.560546875,206107230208,7946.57373046875,66530979,0.5843849182128906,2008
3.6232,2615.572021484375,37935,Thailand,200981807104,-1.189422369003296,5701.546875,163294035968,8314.5712890625,66866834,2.4093894958496094,2009
3.8009,2671.10107421875,38739,Thailand,229561942016,6.988267421722412,6429.8740234375,200779038720,8579.8896484375,67195032,-0.6823501586914062,2010
3.7562,2703.2470703125,38499,Thailand,251391950848,0.35720646381378174,6563.85107421875,225676197888,8659.2548828125,67518379,9.039283752441406,2011
3.9841,2823.8955078125,37756,Thailand,260597104640,6.740714073181152,7169.27978515625,238380630016,9055.2548828125,67835969,7.286491394042969,2012
4.2204,2766.69775390625,36755,Thailand,267149393920,2.222539186477661,7170.69091796875,242386944000,9109.4619140625,68144519,1.4687995910644531,2013
4.1299,3037.320556640625,36476,Thailand,268072321024,0.5503206849098206,7297.7265625,229544493056,9142.423828125,68438748,7.198448181152344,2014
4.1576,2969.878173828125,36698,Thailand,271423635456,2.7201409339904785,7416.33056640625,229553487872,9460.8603515625,68714519,0.35749053955078125,2015
4.1095,3016.185791015625,37627,Thailand,278741352448,3.0500478744506836,7331.201171875,227276996608,9742.447265625,68971313,7.155590057373047,2016
4.1318,3017.732177734375,38260,Thailand,293182504960,3.818674325942993,7236.5146484375,241430069248,9969.263671875,69209817,11.621131896972656,2017
3.9779,3207.18310546875,39639,Thailand,303007203328,3.8614823818206787,7204.482421875,261406720000,10128.5732421875,69428454,18.75493621826172,2018
3.9012,2850.287109375,40878,Thailand,294057738240,1.9768924713134766,7316.21435546875,247900651520,10198.7294921875,69625581,8.8216552734375,2019
3.6929,3039.8759765625,,Thailand,236910690304,-6.333597660064697,6712.45458984375,214955425792,9012.8447265625,69799978,-7.5514678955078125,2020
,3207.758056640625,,Thailand,,,6720.96728515625,,8918.537109375,69950844,2.5092010498046875,2021
0.3093,487.2093200683594,,Vietnam,,,0,,429.3002014160156,54281841,1.4430103302001953,1980
0.3187,530.3615112304688,,Vietnam,,,1.7380244731903076,,365.1579284667969,55522804,0.0561833381652832,1981
0.3228,573.1654663085938,,Vietnam,,,3.227179765701294,,362.7796325683594,56814309,0.15672016143798828,1982
0.3314,563.6156616210938,,Vietnam,,,10.870035171508789,,405.5160217285156,58148384,-0.9965054988861084,1983
0.294,551.2819213867188,,Vietnam,,,9.24257755279541,,387.3331298828125,59512619,1.111828088760376,1984
0.3464,535.5052490234375,,Vietnam,,1.446467399597168,5.625507354736328,,399.5311279296875,60896732,-0.36075305938720703,1985
0.3304,576.889892578125,,Vietnam,,0.4839327931404114,5.7317047119140625,,423.4425964355469,62293859,-0.20698881149291992,1986
0.3657,628.9498291015625,,Vietnam,,1.2937848567962646,5.605007171630859,,482.4583435058594,63701974,-0.06801080703735352,1987
0.3543,576.3169555664062,,Vietnam,,2.8449530601501465,4.149235248565674,,493.2391357421875,65120432,1.2034945487976074,1988
0.2614,452.9654541015625,,Vietnam,3856312064,5.0578389167785645,4.785107135772705,5357107712,448.9040222167969,66550231,6.052957057952881,1989
0.3133,380.2607421875,72704,Vietnam,4354754560,2.877013921737671,5.677401542663574,5116216320,514.9735717773438,67988855,4.5271501541137695,1990
0.3078,359.6011962890625,72049,Vietnam,5654964736,3.7510406970977783,10.006199836730957,4790941184,492.1078796386719,69436956,2.803225517272949,1991
0.3028,353.24713134765625,71266,Vietnam,7050143744,6.428888320922852,28.589168548583984,5691342336,526.9744873046875,70883488,2.693817138671875,1992
0.3161,335.2256774902344,70474,Vietnam,7693595648,5.954902648925781,33.36777114868164,8071634944,660.72412109375,72300308,2.179302215576172,1993
0.3553,363.3426513671875,69740,Vietnam,8924570624,6.842654228210449,32.7557373046875,10611507200,718.8035278320312,73651220,3.779031753540039,1994
0.3831,480.7606506347656,69133,Vietnam,10709485568,7.699109077453613,18.743375778198242,12337491968,780.1817016601562,74910462,3.9594078063964844,1995
0.4497,528.8419189453125,68632,Vietnam,13279761408,7.67512845993042,36.408512115478516,14965544960,884.2963256835938,76068739,4.216667175292969,1996
0.5771,670.0012817382812,68300,Vietnam,15404523520,6.659536838531494,66.43247985839844,16410380288,993.6730346679688,77133212,-1.03790283203125,1997
0.599,709.6038818359375,68046,Vietnam,18331383808,4.434203624725342,111.18121337890625,19428546560,1084.111572265625,78115712,-1.6618270874023438,1998
0.5933,524.9767456054688,68051,Vietnam,22547601408,3.553781747817993,158.7254180908203,21867896832,1180.2542724609375,79035871,7.921775817871094,1999
0.6582,682.4658203125,68231,Vietnam,27305385984,5.618635177612305,193.2163543701172,25501065216,1265.73828125,79910411,2.2975807189941406,2000
0.7388,738.1392211914062,69094,Vietnam,31996583936,5.0985260009765625,239.031494140625,29693919232,1358.0030517578125,80742500,10.469963073730469,2001
0.8401,834.7271118164062,70063,Vietnam,35313958912,5.2881760597229,284.05181884765625,34381373440,1476.914306640625,81534406,-0.38016510009765625,2002
0.924,962.765625,71344,Vietnam,42358935552,5.9025139808654785,278.2380676269531,42194468864,1556.8375244140625,82301650,1.9448051452636719,2003
1.0564,1250.1856689453125,72580,Vietnam,53211164672,6.550971031188965,483.2968444824219,51451596800,1835.2535400390625,83062819,-3.7164840698242188,2004
1.1296,1297.111083984375,73597,Vietnam,62669950976,6.55963134765625,741.3101196289062,58745430016,1805.9647216796875,83832662,-3.8391189575195312,2005
1.1655,787.2499389648438,74467,Vietnam,69688975360,5.985664367675781,798.2978515625,65788100608,1755.07080078125,84617545,8.787113189697266,2006
1.1749,853.6728515625,75757,Vietnam,78400126976,6.123617172241211,799.8399658203125,83505881088,1935.574462890625,85419588,7.402252197265625,2007
1.314,1603.15380859375,76822,Vietnam,89140920320,4.652442455291748,839.08251953125,96041181184,2010.4124755859375,86243424,9.501373291015625,2008
1.4174,1489.5985107421875,77538,Vietnam,84608049152,4.370659351348877,887.5244750976562,89490219008,2029.4451904296875,87092250,10.75054931640625,2009
1.5754,1924.086181640625,77631,Vietnam,91757428736,5.364173412322998,1031.393798828125,96848846848,2282.2255859375,87967655,-4.470909118652344,2010
1.7017,2269.688232421875,77529,Vietnam,101652963328,5.159949779510498,920.7913208007812,100816183296,2250.20361328125,88871384,34.144371032714844,2011
1.5874,2084.8330078125,76793,Vietnam,117621743616,4.1567769050598145,1005.2761840820312,109985185792,2252.396240234375,89801926,32.84868621826172,2012
1.6443,2203.46923828125,75714,Vietnam,138057383936,4.317549705505371,1036.853515625,129061535744,2309.056884765625,90752593,11.502212524414062,2013
1.8428,2634.46484375,74502,Vietnam,154016972800,4.872835159301758,1074.2816162109375,145587421184,2427.44189453125,91713850,10.8321533203125,2014
2.0825,3292.328369140625,73330,Vietnam,173490421760,5.570526123046875,1109.9722900390625,171961712640,2909.242919921875,92677082,-14.127212524414062,2015
2.0586,3526.03369140625,72409,Vietnam,197542019072,5.118137359619141,1093.400390625,198246629376,3144.111083984375,93640435,17.87005615234375,2016
2.0639,3487.451904296875,71712,Vietnam,230601015296,5.72808837890625,1006.4085693359375,232939110400,3261.060791015625,94600643,61.77635192871094,2017
2.3415,4600.02685546875,71626,Vietnam,263497482240,6.0163984298706055,1010.9951171875,262772097024,3396.618896484375,95545959,-8.819168090820312,2018
2.6986,6019.60498046875,71701,Vietnam,281182896128,6.001036643981934,1020.400634765625,287725486080,3470.36083984375,96462108,-33.95146179199219,2019
2.6126,5991.53466796875,,Vietnam,295171260416,1.9792308807373047,908.1085205078125,297391882240,2844.69970703125,97338583,32.914306640625,2020
,6071.8466796875,,Vietnam,,,725.454345703125,,2647.06787109375,98168829,48.3330078125,2021
4.3722,4678.40673828125,,World,3720218935296,0.06142815947532654,3193.381103515625,3942313623552,7965.96142578125,4458274952,120.96533203125,1980
4.1937,4661.60693359375,,World,3896145870848,0.16169629991054535,3172.998291015625,3991278714880,7549.39794921875,4536996616,118.7177734375,1981
4.088,4631.5087890625,,World,3906602270720,-1.358679175376892,3133.751953125,3860916076544,7187.0283203125,4617386524,128.9111328125,1982
4.0425,4691.14501953125,,World,4035824582656,0.8221416473388672,3128.763916015625,3940645863424,7008.6484375,4699569184,257.15234375,1983
4.1088,4807.9091796875,,World,4401409818624,2.880044937133789,3324.1328125,4210313396224,7040.1328125,4784011512,221.8759765625,1984
4.1712,4924.703125,,World,4592686858240,1.9298688173294067,3338.6357421875,4369752522752,6910.42236328125,4870921665,131.54443359375,1985
4.1567,4890.17626953125,,World,4715100241920,1.6479512453079224,3310.330810546875,4591663972352,6995.33935546875,4960567998,116.462890625,1986
4.209,4990.0712890625,,World,5012472201216,1.9236578941345215,3420.451904296875,4894082203648,7005.12939453125,5052521994,100.671875,1987
4.2953,5046.6474609375,,World,5415993081856,2.840066909790039,3515.52294921875,5272958402560,7103.90576171875,5145425992,205.94482421875,1988
4.2782,5005.4404296875,,World,5813380841472,1.967825174331665,3602.393798828125,5728044580864,7094.46923828125,5237441433,9.9892578125,1989
4.2702,4862.384765625,6501226,World,6123999461376,1.1210260391235352,3656.6943359375,6073627443200,7059.193359375,5327529078,261.91357421875,1990
4.292,4738.25390625,6504209,World,6303139233792,-0.21797333657741547,3688.916259765625,6109564239872,6946.55810546875,5414289382,171.8095703125,1991
4.1044,4647.57080078125,6526572,World,6494231724032,0.47571173310279846,3648.626708984375,6288745431040,6938.0693359375,5498919891,26.0283203125,1992
4.0855,4601.84033203125,6556725,World,6738469715968,0.23986129462718964,3630.771240234375,6396448342016,6801.03662109375,5581597596,414.5146484375,1993
4.0551,4553.0849609375,6557387,World,7334496043008,1.7498595714569092,3600.405029296875,6952065695744,6850.17138671875,5663150426,72.87890625,1994
4.0831,4519.97705078125,6537356,World,8004372004864,1.5598679780960083,3674.048583984375,7600683352064,6866.42724609375,5744212929,406.26708984375,1995
4.1469,4563.5439453125,6528219,World,8518075678720,2.130026340484619,3804.239013671875,8132199186432,6921.04541015625,5824891927,108.7666015625,1996
4.1152,4493.90576171875,6547192,World,9374947868672,2.407485008239746,3730.778564453125,8932562042880,7013.2041015625,5905045647,177.06884765625,1997
4.0446,4405.564453125,6525727,World,9788085764096,1.3823164701461792,3748.50390625,9391781707776,6958.37841796875,5984794072,93.771484375,1998
4.0432,4366.50439453125,6522139,World,10280001077248,2.1240124702453613,3804.587646484375,9889752547328,6986.884765625,6064239030,101.1669921875,1999
4.1073,4464.28271484375,6548091,World,11502677393408,3.1366665363311768,3905.462158203125,11128178475008,6979.57958984375,6143776621,189.263671875,2000
4.0899,4477.033203125,6562169,World,11577579274240,0.6935244202613831,3907.633544921875,11221387444224,6951.0439453125,6222912459,-211.4814453125,2001
4.1319,4594.55029296875,6593796,World,11916518883328,1.0473209619522095,3971.743408203125,11571641188352,6919.78564453125,6302062210,206.232421875,2002
4.2885,4936.04736328125,6588013,World,12450843852800,1.8741657733917236,4031.92236328125,12240339075072,6985.95361328125,6381477292,28.0556640625,2003
4.4305,5211.37353515625,6541469,World,13724887810048,3.185633659362793,4135.46728515625,13496525783040,7161.0361328125,6461454653,660.1171875,2004
4.5249,5528.57958984375,6556779,World,14684934635520,2.7667291164398193,4194.009765625,14624378322944,7134.095703125,6542205330,375.3115234375,2005
4.6172,5747.30126953125,6528813,World,15970574794752,3.211970806121826,4251.49609375,15960721326080,7121.67236328125,6623819401,456.7666015625,2006
4.6962,5998.65283203125,6527585,World,17036069568512,3.1638946533203125,4371.35888671875,17179772715008,7121.5546875,6706251239,365.3447265625,2007
4.7235,6005.48779296875,6576417,World,17538038628352,0.7506363391876221,4421.80029296875,17737667575808,6972.453125,6789396380,798.1337890625,2008
4.5987,5845.330078125,6554957,World,15808087457792,-2.498476505279541,4277.73876953125,15685803573248,6746.8505859375,6873077808,249.060546875,2009
4.7927,6036.4541015625,6576174,World,17658835632128,3.2522518634796143,4540.5029296875,17534948474880,6884.31689453125,6957137521,898.7421875,2010
4.895,6251.1240234375,6593948,World,18793296297984,2.1311073303222656,4592.79638671875,18679653728256,6860.4208984375,7041509491,561.4111328125,2011
4.9079,6200.328125,6600712,World,19302879068160,1.434617519378662,4658.06982421875,19099105099776,6877.599609375,7126144677,818.826171875,2012
4.893,6218.734375,6619746,World,19878404685824,1.6085116863250732,4677.6083984375,19579715715072,6867.4111328125,7210900157,891.3740234375,2013
4.8707,6190.197265625,6612532,World,20572492791808,1.8916428089141846,4652.70458984375,20220951396352,6830.47802734375,7295610265,716.55078125,2014
4.8097,5969.34912109375,6638067,World,21279266570240,1.9631341695785522,4711.13330078125,20721329766400,6882.861328125,7380117870,552.142578125,2015
4.7496,5828.27099609375,6605030,World,21847489904640,1.636976957321167,4764.091796875,21144686034944,6934.412109375,7464344232,892.818359375,2016
4.7595,5796.32666015625,6564255,World,22979008266240,2.2171170711517334,4839.47900390625,22436200316928,6957.384765625,7548182589,996.7578125,2017
4.8022,5807.28662109375,6605560,World,23979322507264,2.138745069503784,5026.3251953125,23455755927552,6978.12255859375,7631091110,1118.7890625,2018
4.7582,5665.40771484375,6671740,World,24236072632320,1.5191104412078857,5064.25830078125,23860099416064,6918.89697265625,7713468203,975.388671875,2019
4.4654,5383.591796875,,World,22070595420160,-4.290961742401123,4933.517578125,21638408044544,6206.80126953125,7794798725,1111.03515625,2020
,5647.42138671875,,World,,,5126.962890625,,6497.875,7874965730,1189.818359375,2021