Coal per capita (kWh),Deaths - Cause: All causes - Risk: Air pollution - Sex: Both - Age: All Ages (Number),country,Gas per capita (kWh),Oil per capita (kWh),Population (historical estimates),year,death_rate,fossil_use(kWh)
26198.79102,2555,Australia,9891.128906,22103.26172,16960600,1990,0.000150643,9.87E+11
26369.05664,2480,Australia,9355.915039,21095.81055,17189235,1991,0.000144276,9.77E+11
26201.2207,2461,Australia,9560.271484,21293.13281,17402179,1992,0.000141419,9.93E+11
26068.47656,2411,Australia,9798.976563,21703.53711,17603211,1993,0.000136964,1.01E+12
26309.13867,2413,Australia,10763.05762,22225.95117,17798526,1994,0.000135573,1.06E+12
26908.49023,2370,Australia,10749.44824,23774.55469,17993083,1995,0.000131717,1.11E+12
27706.3457,2361,Australia,10711.07227,24135.94922,18189274,1996,0.000129802,1.14E+12
28794.92969,2318,Australia,10404.24707,24259.14063,18387205,1997,0.000126066,1.17E+12
29756.41406,2261,Australia,10596.27148,23993.62695,18587027,1998,0.000121644,1.20E+12
31266.61523,2202,Australia,10737.625,24278.76367,18788187,1999,0.000117201,1.25E+12
31154.14648,2149,Australia,10823.3418,24009.85547,18991434,2000,0.000113156,1.25E+12
30513.21875,2105,Australia,11549.72266,23813.13086,19194676,2001,0.000109666,1.26E+12
30867.52148,2049,Australia,11759.38672,23811.45703,19401366,2002,0.000105611,1.29E+12
31390.96094,1955,Australia,11717.33496,23453.73633,19624163,2003,9.96E-05,1.31E+12
32290.35742,1840,Australia,11797.79102,23707.44141,19879654,2004,9.26E-05,1.35E+12
31628.76172,1768,Australia,11526.5918,23723.3125,20178543,2005,8.76E-05,1.35E+12
31934.58398,1738,Australia,12638.93652,24049.23438,20526300,2006,8.47E-05,1.41E+12
31066.74023,1738,Australia,13874.23145,24204.53516,20916339,2007,8.31E-05,1.45E+12
31749.58398,1727,Australia,13376.41406,24034.73047,21332293,2008,8.10E-05,1.48E+12
30107.38477,1682,Australia,13395.53711,23177.97852,21750852,2009,7.73E-05,1.45E+12
27416.06055,1662,Australia,14311.38379,23440.03906,22154687,2010,7.50E-05,1.44E+12
26269.50586,1674,Australia,14550.41699,24272.79492,22538002,2011,7.43E-05,1.47E+12
24208.41211,1674,Australia,14390.98828,24511.88672,22903951,2012,7.31E-05,1.45E+12
22629.2793,1686,Australia,14910.36328,24856.55664,23254912,2013,7.25E-05,1.45E+12
22117.26367,1725,Australia,15773.97168,24386.24414,23596426,2014,7.31E-05,1.47E+12
22580.64258,1761,Australia,16210.50781,23841.16406,23932499,2015,7.36E-05,1.50E+12
22258.94141,1725,Australia,15608.68164,23563.85742,24262710,2016,7.11E-05,1.49E+12
21213.50391,1697,Australia,15096.58496,24388.40625,24584619,2017,6.90E-05,1.49E+12
20438.55469,1812,Australia,14767.4082,24504.27734,24898153,2018,7.28E-05,1.49E+12
19298.80273,1907,Australia,17427.26953,23972.92578,25203200,2019,7.57E-05,1.53E+12
31.71975136,189795,Bangladesh,443.3570557,215.4444275,103171957,1990,0.001839599,71242427115
9.908267975,179652,Bangladesh,446.0973206,195.293869,105599125,1991,0.001701264,68776652830
9.097324371,176502,Bangladesh,475.721405,213.0345612,107983708,1992,0.001634524,75356785954
3.318562984,172532,Bangladesh,521.0892334,233.5207672,110350641,1993,0.001563489,83637902825
3.042078733,168986,Bangladesh,540.9523315,238.2240601,112737684,1994,0.001498931,88185498728
32.40254974,168346,Bangladesh,585.4248657,302.6266174,115169933,1995,0.001461718,1.06E+11
17.39143372,164776,Bangladesh,615.0846558,302.6477051,117649927,1996,0.001400562,1.10E+11
31.25034714,161147,Bangladesh,591.9807129,340.1859131,120160571,1997,0.001341097,1.16E+11
8.812736511,158852,Bangladesh,626.5299072,367.2539673,122682818,1998,0.001294819,1.23E+11
4.271683216,157848,Bangladesh,669.4129028,320.9837952,125189655,1999,0.001260871,1.25E+11
30.05247498,159196,Bangladesh,709.567688,309.3246765,127657862,2000,0.001247052,1.34E+11
31.27820587,158355,Bangladesh,779.7147217,362.5736389,130088709,2001,0.001217285,1.53E+11
32.07426071,160499,Bangladesh,805.5021362,357.5263977,132478076,2002,0.001211514,1.58E+11
30.1437664,162577,Bangladesh,851.5686035,364.239502,134791598,2003,0.001206136,1.68E+11
29.70324898,163094,Bangladesh,900.8361206,338.2044983,136986429,2004,0.001190585,1.74E+11
60.04217911,165735,Bangladesh,953.9547119,335.3305664,139035505,2005,0.001192034,1.88E+11
90.00685883,168250,Bangladesh,1019.248596,334.3923645,140921154,2006,0.00119393,2.03E+11
72.5597229,168350,Bangladesh,1075.026733,312.3464966,142660381,2007,0.001180075,2.08E+11
75.50762939,165928,Bangladesh,1134.85437,313.7306213,144304164,2008,0.001149849,2.20E+11
93.30030823,165123,Bangladesh,1284.684814,290.0913391,145924795,2009,0.001131562,2.43E+11
58.78868484,166128,Bangladesh,1304.670166,319.5714111,147575433,2010,0.001125716,2.48E+11
86.52288055,158413,Bangladesh,1311.833374,408.2610474,149273134,2011,0.001061229,2.70E+11
70.57423401,152624,Bangladesh,1412.944946,430.7019958,151005733,2012,0.001010717,2.89E+11
96.58246613,153263,Bangladesh,1437.063599,416.8160095,152761413,2013,0.001003283,2.98E+11
57.29707336,157813,Bangladesh,1489.946899,462.6806641,154517385,2014,0.001021328,3.11E+11
168.6466675,158098,Bangladesh,1654.593384,484.2402649,156256287,2015,0.001011786,3.61E+11
122.5800476,160162,Bangladesh,1674.352661,524.1911011,157977151,2016,0.00101383,3.67E+11
136.0591888,167502,Bangladesh,1665.316284,582.7672119,159685421,2017,0.00104895,3.81E+11
147.5200653,170422,Bangladesh,1699.687622,655.321228,161376713,2018,0.001056051,4.04E+11
236.4048767,173515,Bangladesh,1897.2771,623.3878784,163046173,2019,0.001064208,4.50E+11
5212.509277,1895767,China,131.0098724,1083.006348,1176883681,1990,0.001610836,7.56E+12
5393.11084,1896715,China,130.8733673,1156.129517,1192897277,1991,0.001590007,7.97E+12
5578.381836,1898568,China,131.8808136,1239.660156,1206711243,1992,0.001573341,8.39E+12
5883.045898,1893795,China,138.6334229,1365.074585,1218817059,1993,0.001553798,9.00E+12
6212.636719,1874478,China,143.8767242,1374.480469,1230020026,1994,0.001523941,9.51E+12
6234.76709,1854833,China,144.0829468,1471.190796,1240920539,1995,0.001494723,9.74E+12
6467.845703,1844862,China,149.6939392,1616.307251,1251636178,1996,0.00147396,1.03E+13
6285.211426,1823150,China,156.8826141,1760.342651,1261996017,1997,0.001444656,1.04E+13
6188.54248,1805101,China,160.5081024,1798.445435,1271982349,1998,0.001419124,1.04E+13
6319.88916,1819463,China,169.0427246,1901.846558,1281514833,1999,0.001419775,1.08E+13
6362.714355,1849455,China,191.3582001,2035.484253,1290550767,2000,0.001433074,1.11E+13
6647.337402,1857894,China,212.8022308,2065.42041,1299129747,2001,0.001430107,1.16E+13
7241.703613,1875572,China,224.9858246,2214.856689,1307352256,2002,0.001434634,1.27E+13
8578.292969,1893069,China,259.8238831,2459.327393,1315303522,2003,0.001439264,1.49E+13
9942.885742,1923489,China,302.2026367,2855.276123,1323084639,2004,0.001453791,1.73E+13
11576.0293,1906271,China,352.9902649,2884.396973,1330776380,2005,0.00143245,1.97E+13
12640.66992,1843038,China,431.7347717,3075.868652,1338408644,2006,0.001377037,2.16E+13
13687.96191,1813410,China,528.0699463,3204.745117,1345993891,2007,0.001347265,2.34E+13
13827.08398,1825242,China,605.3098755,3256.642334,1353569480,2008,0.001348466,2.39E+13
14403.07129,1843023,China,662.84198,3364.973145,1361169410,2009,0.001354,2.51E+13
14858.96777,1870627,China,795.3916016,3809.504395,1368810604,2010,0.001366608,2.66E+13
16084.76563,1874037,China,981.9331055,3916.267822,1376497633,2011,0.001361453,2.89E+13
16195.91504,1854111,China,1089.993408,4084.867432,1384206408,2012,0.001339476,2.96E+13
16450.66602,1845363,China,1234.863037,4244.227539,1391883335,2013,0.001325803,3.05E+13
16371.50684,1844224,China,1345.975952,4389.223633,1399453966,2014,0.001317817,3.09E+13
15976.99805,1848574,China,1383.870483,4698.372559,1406847868,2015,0.001313983,3.10E+13
15751.81738,1856583,China,1481.144043,4825.558594,1414049353,2016,0.001312955,3.12E+13
15747.74219,1840441,China,1697.737427,5054.93457,1421021794,2017,0.001295153,3.20E+13
15770.54492,1828243,China,1988.767944,5277.675781,1427647789,2018,0.001280598,3.29E+13
15828.0791,1848274,China,2150.790283,5520.481445,1433783692,2019,0.001289088,3.37E+13
1461.190186,1332685,India,132.7496796,794.7736206,873277799,1990,0.001526072,2.09E+12
1523.525635,1340608,India,144.8579559,792.2385864,891273202,1991,0.001504149,2.19E+12
1581.706177,1343393,India,158.7438507,818.4107056,909307018,1992,0.001477381,2.33E+12
1606.231445,1336597,India,158.1520691,810.9118042,927403866,1993,0.001441224,2.39E+12
1625.723511,1330688,India,167.6912842,854.7644043,945601828,1994,0.001407239,2.50E+12
1692.68103,1322703,India,187.5444183,935.0872192,963922586,1995,0.001372209,2.71E+12
1708.613525,1342791,India,200.859314,990.2236938,982365248,1996,0.001366896,2.85E+12
1753.78418,1402370,India,214.3334503,1038.920776,1000900028,1997,0.001401109,3.01E+12
1778.997803,1412747,India,230.9294128,1092.226929,1019483586,1998,0.001385748,3.16E+12
1730.802856,1385403,India,232.389389,1177.755859,1038058154,1999,0.00133461,3.26E+12
1808.830688,1387431,India,240.0461884,1212.631958,1056575548,2000,0.001313139,3.45E+12
1792.514404,1404542,India,236.5371704,1195.369385,1075000094,2001,0.001306551,3.47E+12
1840.993652,1410495,India,242.8793335,1199.683228,1093317187,2002,0.001290106,3.59E+12
1896.481934,1391459,India,255.7472687,1202.086304,1111523146,2003,0.001251849,3.73E+12
1986.085205,1341668,India,271.4987488,1251.937256,1129623466,2004,0.001187713,3.96E+12
2140.19873,1373204,India,299.1054382,1253.164551,1147609924,2005,0.001196577,4.24E+12
2187.812012,1420870,India,307.8302307,1303.499268,1165486291,2006,0.001219122,4.43E+12
2358.223633,1458927,India,328.0083618,1371.608765,1183209471,2007,0.001233025,4.80E+12
2515.897461,1493106,India,333.0446777,1419.806641,1200669762,2008,0.001243561,5.13E+12
2697.641602,1461801,India,403.276886,1472.807861,1217726217,2009,0.001200435,5.57E+12
2732.793213,1459403,India,477.7001038,1484.726074,1234281163,2010,0.001182391,5.80E+12
2834.099365,1497826,India,482.1759033,1535.819336,1250287939,2011,0.001197985,6.07E+12
3075.84082,1541016,India,440.0375977,1608.823853,1265780243,2012,0.001217444,6.49E+12
3225.321045,1584768,India,382.7114868,1601.494995,1280842119,2013,0.001237286,6.67E+12
3507.201172,1591958,India,374.3558044,1626.899902,1295600768,2014,0.001228741,7.14E+12
3509.702637,1607975,India,364.8952637,1738.694336,1310152392,2015,0.001227319,7.35E+12
3539.486084,1600197,India,383.467865,1885.992065,1324517250,2016,0.001208136,7.69E+12
3618.500977,1604105,India,400.3943481,1921.216187,1338676779,2017,0.001198277,7.95E+12
3815.088135,1644708,India,428.7628479,1987.252075,1352642283,2018,0.001215922,8.43E+12
3779.107666,1667331,India,433.6143799,2031.305176,1366417756,2019,0.001220221,8.53E+12
219.3218842,169174,Indonesia,946.6240845,2018.940552,181413398,1990,0.000932533,5.78E+11
218.1367645,167220,Indonesia,1070.939819,2113.268555,184591897,1991,0.00090589,6.28E+11
261.8033447,165784,Indonesia,1148.376221,2239.85791,187739786,1992,0.000883052,6.85E+11
300.2167969,165002,Indonesia,1198.269287,2349.814209,190851184,1993,0.000864558,7.34E+11
295.5733032,163919,Indonesia,1396.632446,2286.236328,193917458,1994,0.000845303,7.71E+11
320.2970581,163065,Indonesia,1450.151001,2492.305908,196934257,1995,0.000828017,8.39E+11
376.1302795,162475,Indonesia,1487.260498,2640.854004,199901231,1996,0.000812776,9.00E+11
457.1833801,162527,Indonesia,1528.963013,2883.080566,202826444,1997,0.000801311,9.88E+11
483.7142029,163155,Indonesia,1453.348389,2707.971191,205724597,1998,0.000793075,9.56E+11
656.5390015,163509,Indonesia,1557.49585,2795.715576,208615171,1999,0.000783783,1.05E+12
723.6851196,164777,Indonesia,1560.425293,3011.680664,211513822,2000,0.000779037,1.12E+12
906.2822876,166645,Indonesia,1591.894531,3075.113281,214427419,2001,0.000777163,1.20E+12
922.2388306,168688,Indonesia,1707.021606,3042.950684,217357790,2002,0.000776084,1.23E+12
1221.40332,170997,Indonesia,1795.57312,3083.21875,220309473,2003,0.000776167,1.34E+12
1107.172729,173436,Indonesia,1621.339478,3219.743408,223285666,2004,0.000776745,1.33E+12
1252.009766,176888,Indonesia,1608.274536,3172.434082,226289468,2005,0.000781689,1.37E+12
1463.870117,180119,Indonesia,1618.334229,3014.74585,229318262,2006,0.000785454,1.40E+12
1812.44165,183353,Indonesia,1490.786621,3138.156006,232374239,2007,0.000789042,1.50E+12
1555.930786,186824,Indonesia,1685.765869,3159.394775,235469755,2008,0.00079341,1.51E+12
1616.407227,189543,Indonesia,1764.341064,3131.871826,238620554,2009,0.000794328,1.55E+12
1903.318115,191872,Indonesia,1821.395874,3271.803711,241834226,2010,0.000793403,1.69E+12
2223.821533,193582,Indonesia,1743.431885,3461.38916,245115988,2011,0.000789757,1.82E+12
2265.252686,194608,Indonesia,1729.559692,3590.670898,248451714,2012,0.000783283,1.88E+12
1961.003906,194152,Indonesia,1767.456177,3425.695557,251805314,2013,0.00077104,1.80E+12
2045.839233,192481,Indonesia,1726.262817,3367.238037,255128076,2014,0.000754449,1.82E+12
2302.049805,191708,Indonesia,1770.840454,3170.403076,258383257,2015,0.000741952,1.87E+12
2371.985107,187296,Indonesia,1706.353638,3021.216553,261556386,2016,0.000716083,1.86E+12
2512.01001,183668,Indonesia,1632.918091,3202.406494,264650968,2017,0.000694001,1.94E+12
2945.696777,184877,Indonesia,1663.559326,3266.285645,267670549,2018,0.000690689,2.11E+12
3504.395752,186267,Indonesia,1625.818604,3140.406982,270625567,2019,0.000688283,2.24E+12
7290.373535,31556,Japan,4041.266602,23799.50781,124505243,1990,0.000253451,4.37E+12
7207.895508,31614,Japan,4258.508789,23980.07031,124929764,1991,0.000253054,4.43E+12
7063.316895,31852,Japan,4413.170898,24445.73633,125331300,1992,0.000254142,4.50E+12
7181.800293,32133,Japan,4430.436523,23868.58008,125707407,1993,0.000255617,4.46E+12
7499.422852,31839,Japan,4725.108398,25161.0625,126053127,1994,0.000252584,4.71E+12
7754.138672,32332,Japan,4797.004883,26039.16602,126365486,1995,0.000255861,4.88E+12
7940.223145,31652,Japan,5107.007324,26168.16992,126644099,1996,0.000249929,4.97E+12
8140.308105,31606,Japan,5290.671387,25832.54102,126892745,1997,0.000249076,4.98E+12
7746.532227,32358,Japan,5440.943848,24868.83594,127117436,1998,0.000254552,4.84E+12
8136.410645,33062,Japan,5705.184082,25240.78906,127326063,1999,0.000259664,4.98E+12
8708.962891,32717,Japan,5933.38623,24845.15234,127524168,2000,0.000256555,5.04E+12
8903.927734,32399,Japan,6086.137207,24066.91797,127713824,2001,0.000253684,4.99E+12
9444.670898,32153,Japan,5946.062988,23868.81836,127893075,2002,0.000251405,5.02E+12
9692.918945,32315,Japan,6520.325684,24400.41602,128058368,2003,0.000252346,5.20E+12
9938.073242,32221,Japan,6287.162598,23733.44531,128204183,2004,0.000251326,5.12E+12
10401.73438,32748,Japan,6446.697266,23344.70508,128326115,2005,0.000255194,5.16E+12
10217.3623,32410,Japan,6895.222168,22491.49609,128422740,2006,0.00025237,5.09E+12
10719.59082,32290,Japan,7423.694824,21782.91406,128494050,2007,0.000251296,5.13E+12
11006.6582,32252,Japan,7709.70459,20967.48633,128538644,2008,0.000250913,5.10E+12
9232.978516,32021,Japan,7193.643555,18789.65039,128555196,2009,0.000249084,4.53E+12
10523.64844,32373,Japan,7774.61377,18971.76367,128542349,2010,0.000251847,4.79E+12
9981.790039,33569,Japan,8717.988281,18973.95703,128498966,2011,0.000261239,4.84E+12
10544.78613,35180,Japan,9594.428711,20266.76367,128423571,2012,0.000273937,5.19E+12
10984.27246,37335,Japan,9627.686523,19393.97852,128314189,2013,0.000290965,5.13E+12
10811.81445,38944,Japan,9733.436523,18439.51367,128168630,2014,0.00030385,5.00E+12
10922.99414,39833,Japan,9275.892578,17723.59766,127985139,2015,0.000311231,4.85E+12
10921.64844,40362,Japan,9111.96582,17232.83594,127763267,2016,0.000315912,4.76E+12
11105.35742,40586,Japan,9175.214844,17017.35547,127502728,2017,0.000318315,4.76E+12
10900.73535,41757,Japan,9096.396484,16506.76953,127202190,2018,0.000328273,4.64E+12
10740.90039,42565,Japan,8523.019531,16033.06641,126860299,2019,0.000335527,4.48E+12
854.7540894,7886,Malaysia,4386.932617,7463.852539,18029824,1990,0.000437386,2.29E+11
980.2357788,7577,Malaysia,6350.050293,8258.829102,18519941,1991,0.000409127,2.89E+11
1003.040833,7429,Malaysia,6725.48291,9525.94043,19002660,1992,0.000390945,3.28E+11
817.7648315,7424,Malaysia,6441.447266,9582.771484,19484901,1993,0.000381013,3.28E+11
886.0286255,7617,Malaysia,6523.625,9838.09375,19977508,1994,0.000381279,3.45E+11
946.7915039,7870,Malaysia,6606.998535,10972.75977,20487604,1995,0.000384135,3.80E+11
927.3392944,7618,Malaysia,7752.919922,11728.52441,21017619,1996,0.000362458,4.29E+11
874.2488403,7479,Malaysia,9381.541992,13076.61914,21562790,1997,0.000346848,5.03E+11
909.7167969,7339,Malaysia,9242.619141,11655.01563,22114647,1998,0.000331862,4.82E+11
994.9613647,8104,Malaysia,10266.25098,11116.03516,22661293,1999,0.000357614,5.07E+11
1245.689819,7724,Malaysia,12397.04297,11742.49707,23194252,2000,0.000333014,5.89E+11
1456.385864,7793,Malaysia,11687.33496,12426.60742,23709115,2001,0.000328692,6.06E+11
1748.490234,7959,Malaysia,11602.90918,13170.0127,24208391,2002,0.00032877,6.42E+11
2501.485107,8246,Malaysia,12253.99023,13507.11719,24698821,2003,0.000333862,6.98E+11
3059.809326,8262,Malaysia,12978.72852,13881.91602,25190647,2004,0.000327979,7.54E+11
3116.526367,8365,Malaysia,14547.33691,14098.67969,25690615,2005,0.000325605,8.16E+11
3237.123779,8435,Malaysia,14832.46973,13406.07129,26201954,2006,0.000321923,8.25E+11
3848.068359,8431,Malaysia,15120.09668,14020.25195,26720367,2007,0.000315527,8.81E+11
4174.20166,8677,Malaysia,15989.75195,13167.30762,27236003,2008,0.000318586,9.08E+11
4451.512695,8891,Malaysia,14430.23828,12829.82227,27735038,2009,0.000320569,8.80E+11
6088.393555,8882,Malaysia,13479.53809,12723.24902,28208028,2010,0.000314875,9.11E+11
5992.240723,9077,Malaysia,13373.84766,12795.62598,28650962,2011,0.000316813,9.21E+11
6350.038574,9303,Malaysia,14454.18555,13823.5,29068189,2012,0.000320041,1.01E+12
5942.260254,9213,Malaysia,15123.49805,14502.19238,29468923,2013,0.000312634,1.05E+12
5975.987793,9748,Malaysia,14969.63086,14368.23145,29866606,2014,0.000326385,1.05E+12
6682.852539,10090,Malaysia,15473.5166,13164.4834,30270965,2015,0.000333323,1.07E+12
7099.540527,10044,Malaysia,14663.02344,14458.31348,30684652,2016,0.00032733,1.11E+12
7761.062988,9839,Malaysia,14481.4834,13417.11133,31104655,2017,0.000316319,1.11E+12
8213.107422,10303,Malaysia,14170.81934,13418.32227,31528033,2018,0.000326789,1.13E+12
7659.803711,10960,Malaysia,14151.92773,14410.5791,31949789,2019,0.000343038,1.16E+12
4098.75293,472,New Zealand,13080.13574,14917.50098,3398175,1990,0.000138898,1.09E+11
3853.709961,464,New Zealand,14028.81641,14931.20703,3446171,1991,0.000134642,1.13E+11
4174.40918,464,New Zealand,14604.12695,15157.45996,3503194,1992,0.000132451,1.19E+11
4041.633545,464,New Zealand,13999.40723,14759.11719,3564473,1993,0.000130174,1.17E+11
3758.399658,452,New Zealand,12908.52344,16912.20313,3623272,1994,0.000124749,1.22E+11
3715.818115,455,New Zealand,12144.55078,17933.86133,3674940,1995,0.000123812,1.24E+11
3620.254883,446,New Zealand,13685.77441,18110.62109,3717352,1996,0.000119978,1.32E+11
3871.794434,437,New Zealand,14605.53125,18991.85547,3752355,1997,0.00011646,1.41E+11
3500.847412,420,New Zealand,12767.38574,19060.83984,3783976,1998,0.000110994,1.34E+11
3554.44751,420,New Zealand,14466.1748,18986.3125,3818128,1999,0.000110002,1.41E+11
3332.45874,402,New Zealand,15224.875,19301.47266,3858992,2000,0.000104172,1.46E+11
4075.44043,394,New Zealand,15863.37598,19146.35742,3907941,2001,0.00010082,1.53E+11
4016.605469,382,New Zealand,14932.86035,19592.42578,3963202,2002,9.64E-05,1.53E+11
5712.085449,361,New Zealand,11094.7832,20376.49023,4022074,2003,8.98E-05,1.50E+11
5817.701172,345,New Zealand,9978.912109,20180.23047,4080421,2004,8.46E-05,1.47E+11
6390.620605,327,New Zealand,9086.586914,20643.54492,4135353,2005,7.91E-05,1.49E+11
6216.499023,323,New Zealand,9115.02832,20591.83398,4185881,2006,7.72E-05,1.50E+11
4658.817871,321,New Zealand,9957.915039,20456.50586,4233046,2007,7.58E-05,1.48E+11
5720.308105,317,New Zealand,9126.640625,20511.53516,4278156,2008,7.41E-05,1.51E+11
4352.874512,315,New Zealand,9284.248047,19372.24219,4323338,2009,7.29E-05,1.43E+11
3677.748535,311,New Zealand,10013.58984,19186.37305,4370060,2010,7.12E-05,1.44E+11
3682.022461,315,New Zealand,9101.259766,19550.7207,4418674,2011,7.13E-05,1.43E+11
4536.69043,304,New Zealand,9991.505859,19050.84961,4468462,2012,6.80E-05,1.50E+11
3956.496338,292,New Zealand,10416.00098,19108.82422,4518519,2013,6.46E-05,1.51E+11
3614.625488,290,New Zealand,11448.17285,19224.09766,4567522,2014,6.35E-05,1.57E+11
3613.257813,287,New Zealand,10406.03027,19789.12891,4614527,2015,6.22E-05,1.56E+11
2961.010742,290,New Zealand,10296.39453,20091.81445,4659265,2016,6.22E-05,1.55E+11
3091.509521,286,New Zealand,10616.95703,20998.07617,4702029,2017,6.08E-05,1.63E+11
3304.318604,319,New Zealand,9493.745117,20773.30078,4743131,2018,6.73E-05,1.59E+11
3729.360107,334,New Zealand,10048.21875,21095.50391,4783062,2019,6.98E-05,1.67E+11
200.9473572,43170,Philippines,0,2206.080078,61895169,1990,0.00069747,1.49E+11
220.1246185,41916,Philippines,0,2084.832764,63454785,1991,0.000660565,1.46E+11
214.0740509,42039,Philippines,0,2503.849609,65020124,1992,0.000646554,1.77E+11
212.3559113,42409,Philippines,0,2523.175293,66593903,1993,0.00063683,1.82E+11
199.8521423,42790,Philippines,0.775454044,2603.368164,68180846,1994,0.000627596,1.91E+11
235.5414276,43329,Philippines,0.730439484,2863.498291,69784087,1995,0.000620901,2.16E+11
320.5694885,44369,Philippines,1.207541347,2925.351807,71401743,1996,0.000621399,2.32E+11
388.8379517,45032,Philippines,0.716530979,3076.715088,73030879,1997,0.000616616,2.53E+11
383.9983826,46619,Philippines,1.194598317,3039.710693,74672009,1998,0.000624317,2.56E+11
440.5892029,49217,Philippines,0.898737133,2818.935547,76325927,1999,0.000644827,2.49E+11
598.3064575,52569,Philippines,1.307142973,2546.537354,77991757,2000,0.000674033,2.45E+11
598.078186,56219,Philippines,16.84869385,2479.016602,79672869,2001,0.000705623,2.47E+11
510.3409424,59690,Philippines,207.2860107,2301.275879,81365260,2002,0.000733605,2.46E+11
520.3622437,61344,Philippines,309.5096436,2243.300537,83051970,2003,0.000738622,2.55E+11
554.5674438,63158,Philippines,280.2445068,2263.222412,84710544,2004,0.000745574,2.62E+11
618.1550903,66727,Philippines,364.2265015,2063.744141,86326251,2005,0.000772963,2.63E+11
664.2789917,68885,Philippines,335.0461731,1823.369629,87888675,2006,0.000783776,2.48E+11
702.4400635,70385,Philippines,394.881897,1862.490234,89405482,2007,0.000787256,2.65E+11
812.4191895,73438,Philippines,408.8484192,1752.972534,90901967,2008,0.000807881,2.70E+11
762.6298218,76013,Philippines,404.9661255,1792.307739,92414161,2009,0.000822525,2.74E+11
868.8453369,77603,Philippines,375.1279297,1843.385498,93966784,2010,0.000825856,2.90E+11
940.3439941,78736,Philippines,398.2263794,1713.266235,95570049,2011,0.000823856,2.92E+11
967.3186646,78891,Philippines,375.3069763,1742.862671,97212639,2012,0.00081153,3.00E+11
1176.741089,77575,Philippines,339.8895874,1796.422607,98871558,2013,0.000784604,3.28E+11
1231.53125,76301,Philippines,351.6213074,1875.471069,100513137,2014,0.000759115,3.48E+11
1323.047363,76561,Philippines,325.3742981,2103.751221,102113206,2015,0.000749766,3.83E+11
1468.359253,76124,Philippines,367.5211182,2225.655273,103663812,2016,0.000734335,4.21E+11
1711.443237,75510,Philippines,358.8781738,2349.005859,105172921,2017,0.00071796,4.65E+11
1783.092773,74942,Philippines,383.3805237,2328.725098,106651394,2018,0.000702682,4.79E+11
1880.737061,74783,Philippines,389.9488525,2345.074219,108116622,2019,0.000691688,4.99E+11
6537.157715,18780,South Korea,737.2531738,13744.93066,42918416,1990,0.000437574,9.02E+11
6490.60791,18551,South Korea,845.118103,16538.97852,43373148,1991,0.000427707,1.04E+12
6251.597168,17965,South Korea,1093.529419,19797.26953,43848223,1992,0.000409709,1.19E+12
6778.341797,17624,South Korea,1351.135498,21499.51758,44335037,1993,0.000397519,1.31E+12
6884.705078,17563,South Korea,1779.060059,23344.3457,44820070,1994,0.000391856,1.43E+12
7060.13916,17136,South Korea,2129.103516,25204.50586,45292521,1995,0.000378341,1.56E+12
8159.882813,16946,South Korea,2784.731445,26698.45117,45751023,1996,0.000370396,1.72E+12
8793.081055,17036,South Korea,3351.538574,29066.89258,46196056,1997,0.000368776,1.90E+12
8993.182617,17261,South Korea,3106.824707,23964.93359,46620698,1998,0.000370243,1.68E+12
9438.448242,17473,South Korea,3750.955322,25488.45898,47016952,1999,0.000371632,1.82E+12
10536.53711,17366,South Korea,4180.681152,25902.96289,47379237,2000,0.000366532,1.92E+12
11146.8125,16993,South Korea,4560.77832,25729.87695,47706226,2001,0.000356201,1.98E+12
11904.07129,16880,South Korea,5037.072266,26026.41406,47999551,2002,0.00035167,2.06E+12
12320.05078,16804,South Korea,5247.282227,26102.88867,48260901,2003,0.000348191,2.11E+12
12758.375,16627,South Korea,6119.383301,25794.5332,48493434,2004,0.000342871,2.17E+12
13085.37207,16368,South Korea,6523.999512,25815.40234,48701069,2005,0.000336091,2.21E+12
13479.16113,16038,South Korea,6853.166504,25747.58203,48880449,2006,0.000328107,2.25E+12
14148.40527,15864,South Korea,7399.184082,26353.38281,49034813,2007,0.000323525,2.35E+12
15630.38379,15707,South Korea,7591.494629,25054.50391,49182458,2008,0.000319362,2.37E+12
16166.18164,15661,South Korea,7192.165527,25267.36133,49347450,2009,0.000317362,2.40E+12
18107.73242,15833,South Korea,9085.860352,25713.63867,49545638,2010,0.000319564,2.62E+12
19549.30078,16260,South Korea,9730.709961,25848.66992,49786153,2011,0.000326597,2.74E+12
18733.30664,17164,South Korea,10493.00195,26627.41406,50060639,2012,0.000342864,2.80E+12
18836.88867,17944,South Korea,10919.66211,26517,50345720,2013,0.000356416,2.83E+12
19395.32813,18593,South Korea,9880.669922,26276.33594,50607904,2014,0.000367393,2.81E+12
19542.61523,19238,South Korea,8982.084961,27424.08594,50823087,2015,0.000378529,2.84E+12
18591.07031,19583,South Korea,9344.933594,29804.08398,50983446,2016,0.000384105,2.94E+12
19614.58789,20600,South Korea,9737.74707,29445.66016,51096408,2017,0.000403159,3.00E+12
19693.47852,21645,South Korea,11296.08789,29307.18945,51171700,2018,0.000422988,3.09E+12
18650.27148,23115,South Korea,10938.69727,29028.50781,51225321,2019,0.000451242,3.00E+12
801.8469238,36008,Thailand,1072.391357,4191.97168,56558196,1990,0.000636654,3.43E+11
928.0443726,37040,Thailand,1312.080322,4419.736816,57232471,1991,0.000647185,3.81E+11
983.3180542,37575,Thailand,1408.267456,4864.82666,57811025,1992,0.000649963,4.20E+11
1085.388306,38044,Thailand,1580.604492,5556.01416,58337773,1993,0.000652133,4.80E+11
1243.588623,38721,Thailand,1733.330078,6137.070801,58875275,1994,0.000657678,5.37E+11
1404.525146,39211,Thailand,1777.234497,6830.439941,59467272,1995,0.000659371,5.95E+11
1690.046387,39626,Thailand,2047.874268,7477.039551,60130190,1996,0.000659003,6.74E+11
1722.427856,36712,Thailand,2538.614502,7420.163086,60846588,1997,0.000603353,7.11E+11
1365.342163,37354,Thailand,2678.394531,6654.821777,61585103,1998,0.000606543,6.59E+11
1434.968018,39365,Thailand,2941.338867,6927.716309,62298569,1999,0.000631876,7.04E+11
1456.585449,38719,Thailand,3366.875,6658.946289,62952639,2000,0.00061505,7.23E+11
1606.530396,36375,Thailand,3865.413818,6526.26123,63539190,2001,0.000572481,7.62E+11
1700.381592,36786,Thailand,4165.697754,7000.526855,64069093,2002,0.000574161,8.24E+11
1723.817505,36779,Thailand,4403.135254,7618.530273,64549867,2003,0.000569777,8.87E+11
1918.182861,37489,Thailand,4578.02832,8386.77832,64995303,2004,0.000576796,9.67E+11
2060.073242,37722,Thailand,4900.803711,8301.165039,65416189,2005,0.000576646,9.98E+11
2185.27417,37783,Thailand,5015.948242,8181.831543,65812539,2006,0.0005741,1.01E+12
2442.175537,38034,Thailand,5314.4375,8223.324219,66182064,2007,0.000574687,1.06E+12
2619.972412,38215,Thailand,5552.560547,7946.57373,66530979,2008,0.000574394,1.07E+12
2615.572021,37935,Thailand,5701.546875,8314.571289,66866834,2009,0.000567322,1.11E+12
2671.101074,38739,Thailand,6429.874023,8579.889648,67195032,2010,0.000576516,1.19E+12
2703.24707,38499,Thailand,6563.851074,8659.254883,67518379,2011,0.0005702,1.21E+12
2823.895508,37756,Thailand,7169.279785,9055.254883,67835969,2012,0.000556578,1.29E+12
2766.697754,36755,Thailand,7170.690918,9109.461914,68144519,2013,0.000539368,1.30E+12
3037.320557,36476,Thailand,7297.726563,9142.423828,68438748,2014,0.000532973,1.33E+12
2969.878174,36698,Thailand,7416.330566,9460.860352,68714519,2015,0.000534065,1.36E+12
3016.185791,37627,Thailand,7331.201172,9742.447266,68971313,2016,0.000545546,1.39E+12
3017.732178,38260,Thailand,7236.514648,9969.263672,69209817,2017,0.000552812,1.40E+12
3207.183105,39639,Thailand,7204.482422,10128.57324,69428454,2018,0.000570933,1.43E+12
2850.287109,40878,Thailand,7316.214355,10198.72949,69625581,2019,0.000587112,1.42E+12
380.2607422,72704,Vietnam,5.677401543,514.9735718,67988855,1990,0.001069352,61251955993
359.6011963,72049,Vietnam,10.00619984,492.1078796,69436956,1991,0.001037617,59834885688
353.2471313,71266,Vietnam,28.58916855,526.9744873,70883488,1992,0.001005396,64419678529
335.2256775,70474,Vietnam,33.36777115,660.7241211,72300308,1993,0.00097474,74419977321
363.3426514,69740,Vietnam,32.7557373,718.8035278,73651220,1994,0.000946895,82113886331
480.7606506,69133,Vietnam,18.74337578,780.1817017,74910462,1995,0.000922875,95861849105
528.8419189,68632,Vietnam,36.40851212,884.2963257,76068739,1996,0.000902237,1.10E+11
670.0012817,68300,Vietnam,66.43247986,993.6730347,77133212,1997,0.000885481,1.33E+11
709.6038818,68046,Vietnam,111.1812134,1084.111572,78115712,1998,0.000871092,1.49E+11
524.9767456,68051,Vietnam,158.7254181,1180.254272,79035871,1999,0.000861014,1.47E+11
682.4658203,68231,Vietnam,193.2163544,1265.738281,79910411,2000,0.000853844,1.71E+11
738.1392212,69094,Vietnam,239.0314941,1358.003052,80742500,2001,0.000855733,1.89E+11
834.7271118,70063,Vietnam,284.0518188,1476.914307,81534406,2002,0.000859306,2.12E+11
962.765625,71344,Vietnam,278.2380676,1556.837524,82301650,2003,0.00086686,2.30E+11
1250.185669,72580,Vietnam,483.2968445,1835.25354,83062819,2004,0.000873796,2.96E+11
1297.111084,73597,Vietnam,741.3101196,1805.964722,83832662,2005,0.000877904,3.22E+11
787.249939,74467,Vietnam,798.2978516,1755.070801,84617545,2006,0.000880042,2.83E+11
853.6728516,75757,Vietnam,799.8399658,1935.574463,85419588,2007,0.000886881,3.07E+11
1603.153809,76822,Vietnam,839.0825195,2010.412476,86243424,2008,0.000890758,3.84E+11
1489.598511,77538,Vietnam,887.5244751,2029.44519,87092250,2009,0.000890297,3.84E+11
1924.086182,77631,Vietnam,1031.393799,2282.225586,87967655,2010,0.000882495,4.61E+11
2269.688232,77529,Vietnam,920.7913208,2250.203613,88871384,2011,0.000872373,4.84E+11
2084.833008,76793,Vietnam,1005.276184,2252.39624,89801926,2012,0.000855138,4.80E+11
2203.469238,75714,Vietnam,1036.853516,2309.056885,90752593,2013,0.00083429,5.04E+11
2634.464844,74502,Vietnam,1074.281616,2427.441895,91713850,2014,0.000812331,5.63E+11
3292.328369,73330,Vietnam,1109.97229,2909.24292,92677082,2015,0.000791242,6.78E+11
3526.033691,72409,Vietnam,1093.400391,3144.111084,93640435,2016,0.000773266,7.27E+11
3487.451904,71712,Vietnam,1006.408569,3261.060791,94600643,2017,0.00075805,7.34E+11
4600.026855,71626,Vietnam,1010.995117,3396.618896,95545959,2018,0.00074965,8.61E+11
6019.60498,71701,Vietnam,1020.400635,3470.36084,96462108,2019,0.000743307,1.01E+12
